Date,0x - Price ($)
2017-10-16,0.220802
2017-10-17,0.219013
2017-10-18,0.224353
2017-10-19,0.211617
2017-10-20,0.204243
2017-10-21,0.204542
2017-10-22,0.192797
2017-10-23,0.203119
2017-10-24,0.196141
2017-10-25,0.19822
2017-10-26,0.191683
2017-10-27,0.192957
2017-10-28,0.191387
2017-10-29,0.18647
2017-10-30,0.171917
2017-10-31,0.167524
2017-11-01,0.169436
2017-11-02,0.181469
2017-11-03,0.183118
2017-11-04,0.176472
2017-11-05,0.182228
2017-11-06,0.202105
2017-11-07,0.220296
2017-11-08,0.233807
2017-11-09,0.19914
2017-11-10,0.198168
2017-11-11,0.183699
2017-11-12,0.192257
2017-11-13,0.200607
2017-11-14,0.198832
2017-11-15,0.188457
2017-11-16,0.184129
2017-11-17,0.204847
2017-11-18,0.196526
2017-11-19,0.200003
2017-11-20,0.193372
2017-11-21,0.229486
2017-11-22,0.218291
2017-11-23,0.233745
2017-11-24,0.229907
2017-11-25,0.23122
2017-11-26,0.237081
2017-11-27,0.233216
2017-11-28,0.194277
2017-11-29,0.196265
2017-11-30,0.203421
2017-12-01,0.21523
2017-12-02,0.212266
2017-12-03,0.2267
2017-12-04,0.226351
2017-12-05,0.288009
2017-12-06,0.280709
2017-12-07,0.278704
2017-12-08,0.2457
2017-12-09,0.232646
2017-12-10,0.239366
2017-12-11,0.259747
2017-12-12,0.349488
2017-12-13,0.390955
2017-12-14,0.367077
2017-12-15,0.386849
2017-12-16,0.468938
2017-12-17,0.494646
2017-12-18,0.560256
2017-12-19,0.589061
2017-12-20,0.609005
2017-12-21,0.507595
2017-12-22,0.685841
2017-12-23,0.656327
2017-12-24,0.714812
2017-12-25,0.680874
2017-12-26,0.70271
2017-12-27,0.679681
2017-12-28,0.71269
2017-12-29,0.730052
2017-12-30,0.973006
2017-12-31,0.914392
2018-01-01,0.927922
2018-01-02,1.008425
2018-01-03,1.101488
2018-01-04,1.196561
2018-01-05,1.441296
2018-01-06,1.429257
2018-01-07,2.039065
2018-01-08,2.327227
2018-01-09,2.234961
2018-01-10,1.946629
2018-01-11,2.347813
2018-01-12,2.496939
2018-01-13,2.090971
2018-01-14,1.829297
2018-01-15,1.608531
2018-01-16,1.559067
2018-01-17,1.674509
2018-01-18,1.855567
2018-01-19,2.110205
2018-01-20,1.742747
2018-01-21,1.69542
2018-01-22,1.597317
2018-01-23,1.665204
2018-01-24,1.631328
2018-01-25,2.034514
2018-01-26,2.011723
2018-01-27,1.979192
2018-01-28,1.842569
2018-01-29,1.829336
2018-01-30,1.595033
2018-01-31,1.830909
2018-02-01,1.60061
2018-02-02,1.309784
2018-02-03,1.376865
2018-02-04,1.162387
2018-02-05,0.815441
2018-02-06,1.008849
2018-02-07,0.99435
2018-02-08,1.069374
2018-02-09,1.131323
2018-02-10,1.097742
2018-02-11,0.99312
2018-02-12,1.040042
2018-02-13,0.97762
2018-02-14,1.069171
2018-02-15,1.253349
2018-02-16,1.303659
2018-02-17,1.285777
2018-02-18,1.170631
2018-02-19,1.181195
2018-02-20,1.043737
2018-02-21,0.926373
2018-02-22,0.922784
2018-02-23,0.990851
2018-02-24,0.914261
2018-02-25,0.99057
2018-02-26,1.02228
2018-02-27,0.991398
2018-02-28,0.927113
2018-03-01,0.953944
2018-03-02,0.94366
2018-03-03,0.916327
2018-03-04,0.912807
2018-03-05,0.887943
2018-03-06,0.782187
2018-03-07,0.700775
2018-03-08,0.642366
2018-03-09,0.628229
2018-03-10,0.645609
2018-03-11,0.681274
2018-03-12,0.632439
2018-03-13,0.594106
2018-03-14,0.522453
2018-03-15,0.490615
2018-03-16,0.52345
2018-03-17,0.453991
2018-03-18,0.43718
2018-03-19,0.469708
2018-03-20,0.537875
2018-03-21,0.586418
2018-03-22,0.582555
2018-03-23,0.557901
2018-03-24,0.598961
2018-03-25,0.599533
2018-03-26,0.663091
2018-03-27,0.641311
2018-03-28,0.635925
2018-03-29,0.538567
2018-03-30,0.516142
2018-03-31,0.549494
2018-04-01,0.505895
2018-04-02,0.533262
2018-04-03,0.596841
2018-04-04,0.524938
2018-04-05,0.550185
2018-04-06,0.520382
2018-04-07,0.53828
2018-04-08,0.568602
2018-04-09,0.539895
2018-04-10,0.560157
2018-04-11,0.598966
2018-04-12,0.68781
2018-04-13,0.682351
2018-04-14,0.729752
2018-04-15,0.788771
2018-04-16,0.747293
2018-04-17,0.827898
2018-04-18,0.915079
2018-04-19,0.910785
2018-04-20,0.946408
2018-04-21,0.921512
2018-04-22,0.987824
2018-04-23,0.998211
2018-04-24,1.178968
2018-04-25,1.005687
2018-04-26,1.134334
2018-04-27,1.066555
2018-04-28,1.18972
2018-04-29,1.281031
2018-04-30,1.170162
2018-05-01,1.192917
2018-05-02,1.302294
2018-05-03,1.452783
2018-05-04,1.7293
2018-05-05,1.638069
2018-05-06,1.598321
2018-05-07,1.703543
2018-05-08,1.72335
2018-05-09,1.716282
2018-05-10,1.859569
2018-05-11,1.676277
2018-05-12,1.648633
2018-05-13,1.758429
2018-05-14,1.553854
2018-05-15,1.486148
2018-05-16,1.3726
2018-05-17,1.247744
2018-05-18,1.300375
2018-05-19,1.448638
2018-05-20,1.450184
2018-05-21,1.330793
2018-05-22,1.157229
2018-05-23,1.334351
2018-05-24,1.36488
2018-05-25,1.277933
2018-05-26,1.210025
2018-05-27,1.179119
2018-05-28,1.032869
2018-05-29,1.24925
2018-05-30,1.227084
2018-05-31,1.268744
2018-06-01,1.251673
2018-06-02,1.275247
2018-06-03,1.335681
2018-06-04,1.238966
2018-06-05,1.258353
2018-06-06,1.326425
2018-06-07,1.283376
2018-06-08,1.265088
2018-06-09,1.222069
2018-06-10,1.052812
2018-06-11,1.064949
2018-06-12,0.896635
2018-06-13,0.822216
2018-06-14,0.942556
2018-06-15,0.875951
2018-06-16,0.873664
2018-06-17,0.839459
2018-06-18,0.865873
2018-06-19,0.873843
2018-06-20,0.8738
2018-06-21,0.845899
2018-06-22,0.739641
2018-06-23,0.725187
2018-06-24,0.682091
2018-06-25,0.706334
2018-06-26,0.626843
2018-06-27,0.641364
2018-06-28,0.607665
2018-06-29,0.656557
2018-06-30,0.796344
2018-07-01,0.79528
2018-07-02,0.95428
2018-07-03,0.891211
2018-07-04,0.954915
2018-07-05,0.998361
2018-07-06,1.014415
2018-07-07,0.99046
2018-07-08,0.966337
2018-07-09,0.913147
2018-07-10,0.816437
2018-07-11,0.837762
2018-07-12,0.775956
2018-07-13,0.975079
2018-07-14,0.989065
2018-07-15,1.1028
2018-07-16,1.183566
2018-07-17,1.242745
2018-07-18,1.206569
2018-07-19,1.249581
2018-07-20,1.060429
2018-07-21,1.145213
2018-07-22,1.124653
2018-07-23,1.133013
2018-07-24,1.111194
2018-07-25,1.171035
2018-07-26,1.083718
2018-07-27,1.146514
2018-07-28,1.239449
2018-07-29,1.191932
2018-07-30,1.15558
2018-07-31,1.092662
2018-08-01,1.053834
2018-08-02,0.952855
2018-08-03,0.961036
2018-08-04,0.938615
2018-08-05,0.958441
2018-08-06,0.945587
2018-08-07,0.902607
2018-08-08,0.843012
2018-08-09,0.935581
2018-08-10,0.862821
2018-08-11,0.848664
2018-08-12,0.864729
2018-08-13,0.766039
2018-08-14,0.676304
2018-08-15,0.685911
2018-08-16,0.715201
2018-08-17,0.823784
2018-08-18,0.748186
2018-08-19,0.76079
2018-08-20,0.709105
2018-08-21,0.679861
2018-08-22,0.664421
2018-08-23,0.712477
2018-08-24,0.727491
2018-08-25,0.689933
2018-08-26,0.712596
2018-08-27,0.806727
2018-08-28,0.810309
2018-08-29,0.800092
2018-08-30,0.757226
2018-08-31,0.76509
2018-09-01,0.805446
2018-09-02,0.794356
2018-09-03,0.786789
2018-09-04,0.798642
2018-09-05,0.638005
2018-09-06,0.672915
2018-09-07,0.62901
2018-09-08,0.573088
2018-09-09,0.577755
2018-09-10,0.557313
2018-09-11,0.515832
2018-09-12,0.515005
2018-09-13,0.545193
2018-09-14,0.576123
2018-09-15,0.579599
2018-09-16,0.56891
2018-09-17,0.512697
2018-09-18,0.525579
2018-09-19,0.526522
2018-09-20,0.567597
2018-09-21,0.639734
2018-09-22,0.620279
2018-09-23,0.644497
2018-09-24,0.659279
2018-09-25,0.65547
2018-09-26,0.647058
2018-09-27,0.685906
2018-09-28,0.653474
2018-09-29,0.648231
2018-09-30,0.646381
2018-10-01,0.636479
2018-10-02,0.628798
2018-10-03,0.61008
2018-10-04,0.641914
2018-10-05,0.642148
2018-10-06,0.64308
2018-10-07,0.73447
2018-10-08,0.714896
2018-10-09,0.760429
2018-10-10,0.759095
2018-10-11,0.773099
2018-10-12,0.7466
2018-10-13,0.738828
2018-10-14,0.710956
2018-10-15,0.738526
2018-10-16,0.8656
2018-10-17,0.92406
2018-10-18,0.868155
2018-10-19,0.918624
2018-10-20,0.908336
2018-10-21,0.883831
2018-10-22,0.920516
2018-10-23,0.884053
2018-10-24,0.85127
2018-10-25,0.850028
2018-10-26,0.813882
2018-10-27,0.78912
2018-10-28,0.826832
2018-10-29,0.767765
2018-10-30,0.77607
2018-10-31,0.776027
2018-11-01,0.809817
2018-11-02,0.816701
2018-11-03,0.808624
2018-11-04,0.77496
2018-11-05,0.763138
2018-11-06,0.759683
2018-11-07,0.759796
2018-11-08,0.722138
2018-11-09,0.714375
2018-11-10,0.720809
2018-11-11,0.698959
2018-11-12,0.679172
2018-11-13,0.645559
2018-11-14,0.572027
2018-11-15,0.56958
2018-11-16,0.559865
2018-11-17,0.547629
2018-11-18,0.552926
2018-11-19,0.436627
2018-11-20,0.411772
2018-11-21,0.44885
2018-11-22,0.414492
2018-11-23,0.40403
2018-11-24,0.360613
2018-11-25,0.374814
2018-11-26,0.352445
2018-11-27,0.359494
2018-11-28,0.435196
2018-11-29,0.437282
2018-11-30,0.39022
2018-12-01,0.413005
2018-12-02,0.399692
2018-12-03,0.375578
2018-12-04,0.37299
2018-12-05,0.351089
2018-12-06,0.318451
2018-12-07,0.313615
2018-12-08,0.318233
2018-12-09,0.329431
2018-12-10,0.316234
2018-12-11,0.29929
2018-12-12,0.305496
2018-12-13,0.29669
2018-12-14,0.271088
2018-12-15,0.267702
2018-12-16,0.26354
2018-12-17,0.294111
2018-12-18,0.299781
2018-12-19,0.311112
2018-12-20,0.349429
2018-12-21,0.317108
2018-12-22,0.332528
2018-12-23,0.342374
2018-12-24,0.359724
2018-12-25,0.323104
2018-12-26,0.340831
2018-12-27,0.310516
2018-12-28,0.333225
2018-12-29,0.318624
2018-12-30,0.317055
2018-12-31,0.293109
2019-01-01,0.314231
2019-01-02,0.324093
2019-01-03,0.316524
2019-01-04,0.319248
2019-01-05,0.318895
2019-01-06,0.335113
2019-01-07,0.321777
2019-01-08,0.321747
2019-01-09,0.322783
2019-01-10,0.283267
2019-01-11,0.281717
2019-01-12,0.278789
2019-01-13,0.265713
2019-01-14,0.28318
2019-01-15,0.278892
2019-01-16,0.294996
2019-01-17,0.300112
2019-01-18,0.288707
2019-01-19,0.295474
2019-01-20,0.282128
2019-01-21,0.278476
2019-01-22,0.285987
2019-01-23,0.294672
2019-01-24,0.301383
2019-01-25,0.287899
2019-01-26,0.286689
2019-01-27,0.275666
2019-01-28,0.262513
2019-01-29,0.252204
2019-01-30,0.258209
2019-01-31,0.251838
2019-02-01,0.251129
2019-02-02,0.252223
2019-02-03,0.244086
2019-02-04,0.242876
2019-02-05,0.239793
2019-02-06,0.219628
2019-02-07,0.231143
2019-02-08,0.248249
2019-02-09,0.246702
2019-02-10,0.247352
2019-02-11,0.24352
2019-02-12,0.239843
2019-02-13,0.231896
2019-02-14,0.22733
2019-02-15,0.226193
2019-02-16,0.231745
2019-02-17,0.242768
2019-02-18,0.251433
2019-02-19,0.250189
2019-02-20,0.253475
2019-02-21,0.249554
2019-02-22,0.252182
2019-02-23,0.254003
2019-02-24,0.233272
2019-02-25,0.238
2019-02-26,0.244017
2019-02-27,0.259953
2019-02-28,0.248405
2019-03-01,0.247968
2019-03-02,0.24523
2019-03-03,0.245663
2019-03-04,0.226768
2019-03-05,0.236082
2019-03-06,0.243289
2019-03-07,0.237959
2019-03-08,0.235027
2019-03-09,0.248407
2019-03-10,0.26832
2019-03-11,0.255311
2019-03-12,0.269371
2019-03-13,0.267733
2019-03-14,0.263651
2019-03-15,0.271267
2019-03-16,0.269231
2019-03-17,0.26432
2019-03-18,0.260435
2019-03-19,0.267348
2019-03-20,0.270726
2019-03-21,0.259042
2019-03-22,0.270823
2019-03-23,0.268956
2019-03-24,0.292101
2019-03-25,0.278569
2019-03-26,0.287778
2019-03-27,0.302702
2019-03-28,0.301696
2019-03-29,0.306147
2019-03-30,0.310643
2019-03-31,0.324891
2019-04-01,0.333736
2019-04-02,0.375424
2019-04-03,0.355293
2019-04-04,0.342174
2019-04-05,0.358328
2019-04-06,0.351957
2019-04-07,0.357477
2019-04-08,0.348758
2019-04-09,0.358455
2019-04-10,0.354326
2019-04-11,0.320204
2019-04-12,0.323091
2019-04-13,0.31763
2019-04-14,0.32388
2019-04-15,0.310062
2019-04-16,0.324655
2019-04-17,0.33267
2019-04-18,0.332989
2019-04-19,0.328027
2019-04-20,0.323212
2019-04-21,0.315183
2019-04-22,0.316182
2019-04-23,0.306866
2019-04-24,0.293041
2019-04-25,0.273852
2019-04-26,0.274074
2019-04-27,0.293452
2019-04-28,0.280053
2019-04-29,0.275119
2019-04-30,0.281247
2019-05-01,0.277932
2019-05-02,0.283634
2019-05-03,0.287979
2019-05-04,0.275324
2019-05-05,0.270781
2019-05-06,0.282279
2019-05-07,0.267013
2019-05-08,0.272138
2019-05-09,0.255637
2019-05-10,0.266678
2019-05-11,0.302102
2019-05-12,0.27653
2019-05-13,0.283852
2019-05-14,0.301628
2019-05-15,0.363099
2019-05-16,0.339187
2019-05-17,0.327124
2019-05-18,0.324684
2019-05-19,0.337187
2019-05-20,0.31954
2019-05-21,0.334613
2019-05-22,0.305824
2019-05-23,0.313073
2019-05-24,0.314252
2019-05-25,0.32171
2019-05-26,0.329167
2019-05-27,0.33631
2019-05-28,0.337104
2019-05-29,0.345496
2019-05-30,0.325868
2019-05-31,0.347333
2019-06-01,0.341848
2019-06-02,0.343169
2019-06-03,0.322572
2019-06-04,0.30788
2019-06-05,0.321841
2019-06-06,0.325531
2019-06-07,0.333609
2019-06-08,0.343913
2019-06-09,0.317657
2019-06-10,0.332606
2019-06-11,0.325024
2019-06-12,0.332338
2019-06-13,0.325574
2019-06-14,0.348834
2019-06-15,0.369071
2019-06-16,0.357453
2019-06-17,0.352115
2019-06-18,0.347222
2019-06-19,0.341607
2019-06-20,0.331189
2019-06-21,0.33398
2019-06-22,0.348458
2019-06-23,0.344302
2019-06-24,0.339645
2019-06-25,0.33873
2019-06-26,0.324721
2019-06-27,0.318168
2019-06-28,0.318614
2019-06-29,0.318565
2019-06-30,0.297489
2019-07-01,0.30912
2019-07-02,0.295299
2019-07-03,0.304802
2019-07-04,0.290602
2019-07-05,0.287327
2019-07-06,0.294562
2019-07-07,0.299808
2019-07-08,0.290899
2019-07-09,0.293623
2019-07-10,0.271205
2019-07-11,0.258007
2019-07-12,0.267189
2019-07-13,0.257287
2019-07-14,0.223137
2019-07-15,0.246973
2019-07-16,0.218512
2019-07-17,0.226513
2019-07-18,0.238922
2019-07-19,0.235463
2019-07-20,0.247374
2019-07-21,0.244156
2019-07-22,0.235424
2019-07-23,0.224481
2019-07-24,0.226998
2019-07-25,0.233315
2019-07-26,0.2338
2019-07-27,0.222605
2019-07-28,0.22777
2019-07-29,0.222624
2019-07-30,0.223566
2019-07-31,0.224516
2019-08-01,0.219315
2019-08-02,0.216194
2019-08-03,0.214757
2019-08-04,0.21208
2019-08-05,0.212662
2019-08-06,0.199057
2019-08-07,0.197443
2019-08-08,0.190212
2019-08-09,0.188748
2019-08-10,0.191547
2019-08-11,0.193904
2019-08-12,0.188645
2019-08-13,0.181752
2019-08-14,0.162973
2019-08-15,0.173953
2019-08-16,0.174231
2019-08-17,0.17208
2019-08-18,0.174777
2019-08-19,0.175138
2019-08-20,0.169011
2019-08-21,0.171782
2019-08-22,0.176836
2019-08-23,0.185271
2019-08-24,0.184606
2019-08-25,0.179055
2019-08-26,0.177819
2019-08-27,0.172247
2019-08-28,0.158447
2019-08-29,0.153498
2019-08-30,0.164076
2019-08-31,0.162084
2019-09-01,0.160713
2019-09-02,0.170966
2019-09-03,0.170529
2019-09-04,0.163242
2019-09-05,0.15961
2019-09-06,0.156865
2019-09-07,0.164797
2019-09-08,0.161086
2019-09-09,0.16349
2019-09-10,0.163004
2019-09-11,0.156914
2019-09-12,0.160611
2019-09-13,0.161645
2019-09-14,0.165791
2019-09-15,0.164582
2019-09-16,0.163819
2019-09-17,0.174862
2019-09-18,0.191123
2019-09-19,0.226291
2019-09-20,0.233643
2019-09-21,0.245526
2019-09-22,0.237831
2019-09-23,0.209435
2019-09-24,0.192675
2019-09-25,0.211178
2019-09-26,0.217944
2019-09-27,0.214331
2019-09-28,0.20968
2019-09-29,0.202452
2019-09-30,0.203729
2019-10-01,0.208209
2019-10-02,0.20836
2019-10-03,0.221935
2019-10-04,0.219389
2019-10-05,0.221079
2019-10-06,0.211267
2019-10-07,0.219632
2019-10-08,0.258434
2019-10-09,0.255637
2019-10-10,0.271015
2019-10-11,0.257096
2019-10-12,0.257913
2019-10-13,0.292182
2019-10-14,0.331395
2019-10-15,0.317178
2019-10-16,0.308938
2019-10-17,0.314153
2019-10-18,0.300497
2019-10-19,0.317005
2019-10-20,0.331172
2019-10-21,0.323707
2019-10-22,0.311958
2019-10-23,0.294883
2019-10-24,0.298208
2019-10-25,0.305136
2019-10-26,0.292633
2019-10-27,0.284457
2019-10-28,0.286092
2019-10-29,0.280345
2019-10-30,0.271276
2019-10-31,0.272379
2019-11-01,0.298535
2019-11-02,0.293661
2019-11-03,0.294596
2019-11-04,0.29485
2019-11-05,0.290431
2019-11-06,0.306931
2019-11-07,0.303868
2019-11-08,0.292819
2019-11-09,0.303426
2019-11-10,0.307215
2019-11-11,0.301721
2019-11-12,0.301563
2019-11-13,0.29948
2019-11-14,0.290355
2019-11-15,0.277246
2019-11-16,0.281766
2019-11-17,0.276824
2019-11-18,0.262198
2019-11-19,0.259849
2019-11-20,0.261853
2019-11-21,0.26131
2019-11-22,0.242886
2019-11-23,0.247244
2019-11-24,0.235847
2019-11-25,0.237482
2019-11-26,0.244918
2019-11-27,0.260192
2019-11-28,0.266162
2019-11-29,0.272379
2019-11-30,0.257482
2019-12-01,0.259564
2019-12-02,0.247857
2019-12-03,0.243315
2019-12-04,0.230536
2019-12-05,0.23092
2019-12-06,0.243164
2019-12-07,0.235806
2019-12-08,0.235531
2019-12-09,0.231116
2019-12-10,0.226166
2019-12-11,0.221172
2019-12-12,0.217698
2019-12-13,0.219622
2019-12-14,0.21049
2019-12-15,0.207156
2019-12-16,0.192751
2019-12-17,0.178604
2019-12-18,0.200218
2019-12-19,0.187431
2019-12-20,0.192832
2019-12-21,0.190679
2019-12-22,0.192293
2019-12-23,0.185005
2019-12-24,0.1839
2019-12-25,0.180764
2019-12-26,0.181329
2019-12-27,0.184634
2019-12-28,0.184024
2019-12-29,0.195202
2019-12-30,0.188869
2019-12-31,0.180702
2020-01-01,0.182244
2020-01-02,0.174812
2020-01-03,0.183707
2020-01-04,0.185449
2020-01-05,0.18557
2020-01-06,0.194319
2020-01-07,0.18731
2020-01-08,0.210879
2020-01-09,0.206281
2020-01-10,0.202242
2020-01-11,0.20621
2020-01-12,0.216151
2020-01-13,0.209553
2020-01-14,0.235385
2020-01-15,0.243234
2020-01-16,0.24641
2020-01-17,0.253185
2020-01-18,0.243202
2020-01-19,0.230252
2020-01-20,0.229168
2020-01-21,0.240241
2020-01-22,0.241085
2020-01-23,0.227724
2020-01-24,0.226669
2020-01-25,0.223549
2020-01-26,0.230529
2020-01-27,0.230089
2020-01-28,0.232584
2020-01-29,0.224829
2020-01-30,0.233666
2020-01-31,0.226196
2020-02-01,0.229999
2020-02-02,0.238517
2020-02-03,0.234182
2020-02-04,0.254303
2020-02-05,0.256764
2020-02-06,0.276567
2020-02-07,0.277477
2020-02-08,0.273154
2020-02-09,0.293236
2020-02-10,0.281783
2020-02-11,0.301672
2020-02-12,0.310715
2020-02-13,0.320128
2020-02-14,0.34305
2020-02-15,0.315929
2020-02-16,0.298731
2020-02-17,0.290718
2020-02-18,0.304119
2020-02-19,0.280965
2020-02-20,0.276395
2020-02-21,0.28866
2020-02-22,0.279222
2020-02-23,0.287276
2020-02-24,0.267611
2020-02-25,0.252932
2020-02-26,0.233248
2020-02-27,0.241815
2020-02-28,0.237881
2020-02-29,0.228276
2020-03-01,0.229832
2020-03-02,0.249825
2020-03-03,0.252509
2020-03-04,0.257762
2020-03-05,0.276507
2020-03-06,0.283522
2020-03-07,0.261788
2020-03-08,0.224551
2020-03-09,0.220971
2020-03-10,0.238576
2020-03-11,0.228491
2020-03-12,0.148625
2020-03-13,0.167269
2020-03-14,0.155008
2020-03-15,0.155583
2020-03-16,0.137578
2020-03-17,0.141625
2020-03-18,0.143201
2020-03-19,0.162666
2020-03-20,0.150466
2020-03-21,0.152189
2020-03-22,0.138121
2020-03-23,0.149541
2020-03-24,0.151086
2020-03-25,0.157561
2020-03-26,0.158948
2020-03-27,0.148445
2020-03-28,0.148293
2020-03-29,0.143927
2020-03-30,0.148166
2020-03-31,0.151743
2020-04-01,0.153094
2020-04-02,0.152098
2020-04-03,0.153381
2020-04-04,0.153426
2020-04-05,0.154349
2020-04-06,0.166453
2020-04-07,0.167834
2020-04-08,0.177761
2020-04-09,0.188887
2020-04-10,0.167577
2020-04-11,0.170186
2020-04-12,0.16703
2020-04-13,0.167024
2020-04-14,0.172221
2020-04-15,0.161169
2020-04-16,0.17084
2020-04-17,0.169899
2020-04-18,0.177247
2020-04-19,0.170456
2020-04-20,0.168603
2020-04-21,0.167165
2020-04-22,0.168708
2020-04-23,0.17336
2020-04-24,0.182001
2020-04-25,0.183522
2020-04-26,0.199404
2020-04-27,0.205964
2020-04-28,0.203869
2020-04-29,0.212675
2020-04-30,0.199201
2020-05-01,0.209971
2020-05-02,0.211899
2020-05-03,0.208072
2020-05-04,0.202325
2020-05-05,0.202734
2020-05-06,0.208129
2020-05-07,0.302027
2020-05-08,0.394405
2020-05-09,0.426702
2020-05-10,0.396153
2020-05-11,0.34787
2020-05-12,0.357945
2020-05-13,0.348524
2020-05-14,0.345089
2020-05-15,0.381891
2020-05-16,0.383921
2020-05-17,0.374178
2020-05-18,0.371033
2020-05-19,0.359596
2020-05-20,0.357838
2020-05-21,0.322966
2020-05-22,0.329262
2020-05-23,0.32793
2020-05-24,0.302383
2020-05-25,0.319822
2020-05-26,0.346261
2020-05-27,0.336081
2020-05-28,0.333315
2020-05-29,0.333096
2020-05-30,0.337577
2020-05-31,0.316647
2020-06-01,0.334218
2020-06-02,0.325246
2020-06-03,0.329776
2020-06-04,0.327318
2020-06-05,0.320972
2020-06-06,0.325225
2020-06-07,0.322184
2020-06-08,0.319397
2020-06-09,0.346401
2020-06-10,0.386254
2020-06-11,0.334035
2020-06-12,0.35711
2020-06-13,0.362196
2020-06-14,0.357264
2020-06-15,0.345
2020-06-16,0.343335
2020-06-17,0.342943
2020-06-18,0.331484
2020-06-19,0.331556
2020-06-20,0.348567
2020-06-21,0.346736
2020-06-22,0.355304
2020-06-23,0.363516
2020-06-24,0.343746
2020-06-25,0.335838
2020-06-26,0.351888
2020-06-27,0.332871
2020-06-28,0.332848
2020-06-29,0.345834
2020-06-30,0.335469
2020-07-01,0.33669
2020-07-02,0.343988
2020-07-03,0.37959
2020-07-04,0.387514
2020-07-05,0.410044
2020-07-06,0.399964
2020-07-07,0.40808
2020-07-08,0.448738
2020-07-09,0.426715
2020-07-10,0.410225
2020-07-11,0.435546
2020-07-12,0.42572
2020-07-13,0.402003
2020-07-14,0.395231
2020-07-15,0.389933
2020-07-16,0.399209
2020-07-17,0.396798
2020-07-18,0.417872
2020-07-19,0.419643
2020-07-20,0.396525
2020-07-21,0.399719
2020-07-22,0.39943
2020-07-23,0.390025
2020-07-24,0.386892
2020-07-25,0.392588
2020-07-26,0.385353
2020-07-27,0.365875
2020-07-28,0.382548
2020-07-29,0.385554
2020-07-30,0.388503
2020-07-31,0.381573
2020-08-01,0.400489
2020-08-02,0.379142
2020-08-03,0.382034
2020-08-04,0.396709
2020-08-05,0.397894
2020-08-06,0.413264
2020-08-07,0.39353
2020-08-08,0.419076
2020-08-09,0.437405
2020-08-10,0.479123
2020-08-11,0.441647
2020-08-12,0.462678
2020-08-13,0.449877
2020-08-14,0.534959
2020-08-15,0.498053
2020-08-16,0.614611
2020-08-17,0.559541
2020-08-18,0.56833
2020-08-19,0.514842
2020-08-20,0.613396
2020-08-21,0.699196
2020-08-22,0.731104
2020-08-23,0.722351
2020-08-24,0.730205
2020-08-25,0.653096
2020-08-26,0.657362
2020-08-27,0.607045
2020-08-28,0.629217
2020-08-29,0.64592
2020-08-30,0.638432
2020-08-31,0.615244
2020-09-01,0.601057
2020-09-02,0.557771
2020-09-03,0.448777
2020-09-04,0.519228
2020-09-05,0.42816
2020-09-06,0.461108
2020-09-07,0.457642
2020-09-08,0.43328
2020-09-09,0.459919
2020-09-10,0.470764
2020-09-11,0.527233
2020-09-12,0.51692
2020-09-13,0.489121
2020-09-14,0.474202
2020-09-15,0.451334
2020-09-16,0.428631
2020-09-17,0.440433
2020-09-18,0.417114
2020-09-19,0.429426
2020-09-20,0.394372
2020-09-21,0.366806
2020-09-22,0.380738
2020-09-23,0.342256
2020-09-24,0.382068
2020-09-25,0.403654
2020-09-26,0.390604
2020-09-27,0.394368
2020-09-28,0.412892
2020-09-29,0.407208
2020-09-30,0.408988
2020-10-01,0.399069
2020-10-02,0.389705
2020-10-03,0.377428
2020-10-04,0.376369
2020-10-05,0.377196
2020-10-06,0.351773
2020-10-07,0.356643
2020-10-08,0.366743
2020-10-09,0.389702
2020-10-10,0.39526
2020-10-11,0.390788
2020-10-12,0.396321
2020-10-13,0.41781
2020-10-14,0.387698
2020-10-15,0.397138
2020-10-16,0.39095
2020-10-17,0.383474
2020-10-18,0.389727
2020-10-19,0.388765
2020-10-20,0.363231
2020-10-21,0.375678
2020-10-22,0.381342
2020-10-23,0.374586
2020-10-24,0.379188
2020-10-25,0.36876
2020-10-26,0.355503
2020-10-27,0.36109
2020-10-28,0.335565
2020-10-29,0.332097
2020-10-30,0.323447
2020-10-31,0.324079
2020-11-01,0.335721
2020-11-02,0.331972
2020-11-03,0.325137
2020-11-04,0.315311
2020-11-05,0.347235
2020-11-06,0.375391
2020-11-07,0.346492
2020-11-08,0.360658
2020-11-09,0.350054
2020-11-10,0.386506
2020-11-11,0.364037
2020-11-12,0.360271
2020-11-13,0.386601
2020-11-14,0.374731
2020-11-15,0.353578
2020-11-16,0.365629
2020-11-17,0.381223
2020-11-18,0.365481
2020-11-19,0.365429
2020-11-20,0.37353
2020-11-21,0.414275
2020-11-22,0.396655
2020-11-23,0.436705
2020-11-24,0.461502
2020-11-25,0.445773
2020-11-26,0.407134
2020-11-27,0.401342
2020-11-28,0.415663
2020-11-29,0.415251
2020-11-30,0.424549
2020-12-01,0.40142
2020-12-02,0.426967
2020-12-03,0.431299
2020-12-04,0.395231
2020-12-05,0.408543
2020-12-06,0.399869
2020-12-07,0.404885
2020-12-08,0.378742
2020-12-09,0.382934
2020-12-10,0.370995
2020-12-11,0.357417
2020-12-12,0.392484
2020-12-13,0.39586
2020-12-14,0.38679
2020-12-15,0.393059
2020-12-16,0.414133
2020-12-17,0.406706
2020-12-18,0.413171
2020-12-19,0.423716
2020-12-20,0.396328
2020-12-21,0.379981
2020-12-22,0.376973
2020-12-23,0.335164
2020-12-24,0.365676
2020-12-25,0.35934
2020-12-26,0.353898
2020-12-27,0.374063
2020-12-28,0.377472
2020-12-29,0.366812
2020-12-30,0.360868
2020-12-31,0.354357
2021-01-01,0.373248
2021-01-02,0.361258
2021-01-03,0.391336
2021-01-04,0.385282
2021-01-05,0.447185
2021-01-06,0.461287
2021-01-07,0.439306
2021-01-08,0.438437
2021-01-09,0.549171
2021-01-10,0.529106
2021-01-11,0.435259
2021-01-12,0.427677
2021-01-13,0.506635
2021-01-14,0.500646
2021-01-15,0.513688
2021-01-16,0.527962
2021-01-17,0.594731
2021-01-18,0.583728
2021-01-19,0.542829
2021-01-20,0.559347
2021-01-21,0.469466
2021-01-22,0.512406
2021-01-23,0.565831
2021-01-24,0.54744
2021-01-25,0.522047
2021-01-26,0.543115
2021-01-27,0.587712
2021-01-28,0.607394
2021-01-29,0.599521
2021-01-30,0.650562
2021-01-31,0.696419
2021-02-01,0.683244
2021-02-02,0.681069
2021-02-03,0.766182
2021-02-04,1.031681
2021-02-05,1.609637
2021-02-06,1.444124
2021-02-07,1.416001
2021-02-08,1.47739
2021-02-09,1.526046
2021-02-10,1.497059
2021-02-11,1.748996
2021-02-12,1.803568
2021-02-13,1.87232
2021-02-14,1.80785
2021-02-15,1.607187
2021-02-16,1.583994
2021-02-17,1.559127
2021-02-18,1.612462
2021-02-19,1.559451
2021-02-20,1.542368
2021-02-21,1.73048
2021-02-22,1.551215
2021-02-23,1.585811
2021-02-24,1.523202
2021-02-25,1.392344
2021-02-26,1.317379
2021-02-27,1.350639
2021-02-28,1.207695
2021-03-01,1.357333
2021-03-02,1.359917
2021-03-03,1.470205
2021-03-04,1.381804
2021-03-05,1.346235
2021-03-06,1.37578
2021-03-07,1.40837
2021-03-08,1.423286
2021-03-09,1.475281
2021-03-10,1.39008
2021-03-11,1.374342
2021-03-12,1.33641
2021-03-13,1.392849
2021-03-14,1.338319
2021-03-15,1.331218
2021-03-16,1.428783
2021-03-17,1.451217
2021-03-18,1.523672
2021-03-19,1.558282
2021-03-20,1.510291
2021-03-21,1.460051
2021-03-22,1.420145
2021-03-23,1.503903
2021-03-24,1.371682
2021-03-25,1.309295
2021-03-26,1.386202
2021-03-27,1.41501
2021-03-28,1.450478
2021-03-29,1.587211
2021-03-30,1.855316
2021-03-31,1.881978
2021-04-01,1.962501
2021-04-02,1.967748
2021-04-03,1.720742
2021-04-04,1.840899
2021-04-05,1.795805
2021-04-06,1.925007
2021-04-07,1.723282
2021-04-08,1.860788
2021-04-09,2.152626
2021-04-10,2.181093
2021-04-11,2.130814
2021-04-12,2.125086
2021-04-13,2.317867
2021-04-14,2.144942
2021-04-15,2.198505
2021-04-16,2.080665
2021-04-17,2.040086
2021-04-18,1.759964
2021-04-19,1.592905
2021-04-20,1.705039
2021-04-21,1.655702
2021-04-22,1.505721
2021-04-23,1.476342
2021-04-24,1.315795
2021-04-25,1.329141
2021-04-26,1.525333
2021-04-27,1.818881
2021-04-28,1.711193
2021-04-29,1.669118
2021-04-30,1.797883
2021-05-01,1.936212
2021-05-02,1.86963
2021-05-03,1.896737
2021-05-04,1.678283
2021-05-05,1.881267
2021-05-06,2.050644
2021-05-07,2.015057
2021-05-08,1.952569
2021-05-09,1.954014
2021-05-10,1.751654
2021-05-11,1.861696
2021-05-12,1.696003
2021-05-13,1.617644
2021-05-14,1.701572
2021-05-15,1.538379
2021-05-16,1.576049
2021-05-17,1.458128
2021-05-18,1.606561
2021-05-19,1.023244
2021-05-20,1.152459
2021-05-21,1.019817
2021-05-22,0.960873
2021-05-23,0.804853
2021-05-24,0.980794
2021-05-25,0.973869
2021-05-26,1.142024
2021-05-27,1.097418
2021-05-28,0.965172
2021-05-29,0.902924
2021-05-30,0.937554
2021-05-31,1.020453
2021-06-01,1.025087
2021-06-02,1.151028
2021-06-03,1.19259
2021-06-04,1.072076
2021-06-05,1.037574
2021-06-06,1.057977
2021-06-07,0.945279
2021-06-08,0.952766
2021-06-09,0.962
2021-06-10,0.936247
2021-06-11,0.86374
2021-06-12,0.853465
2021-06-13,0.898109
2021-06-14,0.91149
2021-06-15,0.899072
2021-06-16,0.861474
2021-06-17,0.877715
2021-06-18,0.812265
2021-06-19,0.790126
2021-06-20,0.793756
2021-06-21,0.613384
2021-06-22,0.57424
2021-06-23,0.64221
2021-06-24,0.662377
2021-06-25,0.616793
2021-06-26,0.598292
2021-06-27,0.63701
2021-06-28,0.704011
2021-06-29,0.724519
2021-06-30,0.739058
2021-07-01,0.690795
2021-07-02,0.691584
2021-07-03,0.702489
2021-07-04,0.726004
2021-07-05,0.695436
2021-07-06,0.711175
2021-07-07,0.78315
2021-07-08,0.768396
2021-07-09,0.843823
2021-07-10,0.793397
2021-07-11,0.794004
2021-07-12,0.753993
2021-07-13,0.710974
2021-07-14,0.716854
2021-07-15,0.663868
2021-07-16,0.617246
2021-07-17,0.625281
2021-07-18,0.627533
2021-07-19,0.58757
2021-07-20,0.549712
2021-07-21,0.63516
2021-07-22,0.640545
2021-07-23,0.650496
2021-07-24,0.659056
2021-07-25,0.66201
2021-07-26,0.674079
2021-07-27,0.705512
2021-07-28,0.706204
2021-07-29,0.755347
2021-07-30,0.778629
2021-07-31,0.825753
2021-08-01,0.782177
2021-08-02,0.816145
2021-08-03,0.847519
2021-08-04,0.868513
2021-08-05,0.891327
2021-08-06,0.891029
2021-08-07,0.930279
2021-08-08,0.937419
2021-08-09,0.954235
2021-08-10,0.96325
2021-08-11,0.993305
2021-08-12,0.953757
2021-08-13,1.05047
2021-08-14,1.066856
2021-08-15,1.06163
2021-08-16,1.032313
2021-08-17,0.98381
2021-08-18,0.97766
2021-08-19,1.007872
2021-08-20,1.055056
2021-08-21,1.067861
2021-08-22,1.120498
2021-08-23,1.154441
2021-08-24,1.068272
2021-08-25,1.152038
2021-08-26,1.062547
2021-08-27,1.104569
2021-08-28,1.083819
2021-08-29,1.100643
2021-08-30,1.045921
2021-08-31,1.067592
2021-09-01,1.120593
2021-09-02,1.119738
2021-09-03,1.164938
2021-09-04,1.243825
2021-09-05,1.303222
2021-09-06,1.283177
2021-09-07,1.016842
2021-09-08,1.006599
2021-09-09,1.05128
2021-09-10,0.995656
2021-09-11,1.012756
2021-09-12,1.060687
2021-09-13,1.002247
2021-09-14,1.066401
2021-09-15,1.078847
2021-09-16,1.144584
2021-09-17,1.084553
2021-09-18,1.112156
2021-09-19,1.062727
2021-09-20,0.910187
2021-09-21,0.833427
2021-09-22,0.959661
2021-09-23,0.995602
2021-09-24,0.90687
2021-09-25,0.904967
2021-09-26,0.893571
2021-09-27,0.85376
2021-09-28,0.816206
2021-09-29,0.833939
2021-09-30,0.89577
2021-10-01,0.981272
2021-10-02,0.978429
2021-10-03,1.005268
2021-10-04,0.974156
2021-10-05,1.02922
2021-10-06,1.032138
2021-10-07,1.01892
2021-10-08,1.075162
2021-10-09,1.118606
2021-10-10,1.040087
2021-10-11,1.015729
2021-10-12,0.997764
2021-10-13,1.02656
2021-10-14,1.029246
2021-10-15,1.021259
2021-10-16,1.005083
2021-10-17,0.991321
2021-10-18,0.97042
2021-10-19,0.968838
2021-10-20,1.005352
2021-10-21,1.008746
2021-10-22,1.005793
2021-10-23,1.017844
2021-10-24,0.997289
2021-10-25,1.011839
2021-10-26,1.066992
2021-10-27,0.934175
2021-10-28,0.976567
2021-10-29,1.045028
2021-10-30,1.151591
2021-10-31,1.183074
2021-11-01,1.241067
2021-11-02,1.315619
2021-11-03,1.242376
2021-11-04,1.197094
2021-11-05,1.189856
2021-11-06,1.233528
2021-11-07,1.217824
2021-11-08,1.254604
2021-11-09,1.319429
2021-11-10,1.209755
2021-11-11,1.322381
2021-11-12,1.327823
2021-11-13,1.303398
2021-11-14,1.277376
2021-11-15,1.233116
2021-11-16,1.127125
2021-11-17,1.160246
2021-11-18,1.056871
2021-11-19,1.147932
2021-11-20,1.161526
2021-11-21,1.129902
2021-11-22,1.081298
2021-11-23,1.123821
2021-11-24,1.164171
2021-11-25,1.166386
2021-11-26,1.091126
2021-11-27,1.223686
2021-11-28,1.172242
2021-11-29,1.203954
2021-11-30,1.183042
2021-12-01,1.151743
2021-12-02,1.117144
2021-12-03,1.046437
2021-12-04,0.886282
2021-12-05,0.832301
2021-12-06,0.860984
2021-12-07,0.898682
2021-12-08,0.911574
2021-12-09,0.865418
2021-12-10,0.80623
2021-12-11,0.84711
2021-12-12,0.838939
2021-12-13,0.752626
2021-12-14,0.766369
2021-12-15,0.791788
2021-12-16,0.782164
2021-12-17,0.774533
2021-12-18,0.786391
2021-12-19,0.773804
2021-12-20,0.758866
2021-12-21,0.783394
2021-12-22,0.828043
2021-12-23,0.88655
2021-12-24,0.853144
2021-12-25,0.865392
2021-12-26,0.879493
2021-12-27,0.879899
2021-12-28,0.80421
2021-12-29,0.760475
2021-12-30,0.795615
2021-12-31,0.806868
2022-01-01,0.866089
2022-01-02,0.891073
2022-01-03,0.944689
2022-01-04,0.897177
2022-01-05,0.83483
2022-01-06,0.799835
2022-01-07,0.752335
2022-01-08,0.712395
2022-01-09,0.727981
2022-01-10,0.689312
2022-01-11,0.719575
2022-01-12,0.754509
2022-01-13,0.742149
2022-01-14,0.751038
2022-01-15,0.759692
2022-01-16,0.771387
2022-01-17,0.729328
2022-01-18,0.719548
2022-01-19,0.687147
2022-01-20,0.657982
2022-01-21,0.559858
2022-01-22,0.522077
2022-01-23,0.543774
2022-01-24,0.506726
2022-01-25,0.544222
2022-01-26,0.532063
2022-01-27,0.527992
2022-01-28,0.545886
2022-01-29,0.564375
2022-01-30,0.55429
2022-01-31,0.568366
2022-02-01,0.584566
2022-02-02,0.575147
2022-02-03,0.609218
2022-02-04,0.648608
2022-02-05,0.657549
2022-02-06,0.660775
2022-02-07,0.681913
2022-02-08,0.687116
2022-02-09,0.706113
2022-02-10,0.682089
2022-02-11,0.616992
2022-02-12,0.618815
2022-02-13,0.613729
2022-02-14,0.597847
2022-02-15,0.641828
2022-02-16,0.679445
2022-02-17,0.622406
2022-02-18,0.598833
2022-02-19,0.59425
2022-02-20,0.573402
2022-02-21,0.523186
2022-02-22,0.544481
2022-02-23,0.529658
2022-02-24,0.509157
2022-02-25,0.539303
2022-02-26,0.544705
2022-02-27,0.526281
2022-02-28,0.574123
2022-03-01,0.574405
2022-03-02,0.572665
2022-03-03,0.537097
2022-03-04,0.495886
2022-03-05,0.504742
2022-03-06,0.481418
2022-03-07,0.474492
2022-03-08,0.495733
2022-03-09,0.523412
2022-03-10,0.50443
2022-03-11,0.491511
2022-03-12,0.501282
2022-03-13,0.477749
2022-03-14,0.49177
2022-03-15,0.491573
2022-03-16,0.510666
2022-03-17,0.519124
2022-03-18,0.53991
2022-03-19,0.548502
2022-03-20,0.55188
2022-03-21,0.551894
2022-03-22,0.563552
2022-03-23,0.588981
2022-03-24,0.59026
2022-03-25,0.584189
2022-03-26,0.6278
2022-03-27,0.718749
2022-03-28,0.692527
2022-03-29,0.725837
2022-03-30,0.820504
2022-03-31,0.773479
2022-04-01,0.8147
2022-04-02,0.852725
2022-04-03,0.911608
2022-04-04,0.887449
2022-04-05,0.809606
2022-04-06,0.704668
2022-04-07,0.752921
2022-04-08,0.775697
2022-04-09,0.803212
2022-04-10,0.757666
2022-04-11,0.685764
2022-04-12,0.714787
2022-04-13,0.769746
2022-04-14,0.746498
2022-04-15,0.741282
2022-04-16,0.731466
2022-04-17,0.687562
2022-04-18,0.71436
2022-04-19,0.7309
2022-04-20,1.073249
2022-04-21,0.943896
2022-04-22,0.859501
2022-04-23,0.845223
2022-04-24,0.810566
2022-04-25,0.777338
2022-04-26,0.841089
2022-04-27,0.879564
2022-04-28,0.815282
2022-04-29,0.743924
2022-04-30,0.766189
2022-05-01,0.720874
2022-05-02,0.723356
2022-05-03,0.699818
2022-05-04,0.804134
2022-05-05,0.72165
2022-05-06,0.708859
2022-05-07,0.675994
2022-05-08,0.630941
2022-05-09,0.519685
2022-05-10,0.510356
2022-05-11,0.387833
2022-05-12,0.339051
2022-05-13,0.372721
2022-05-14,0.4226
2022-05-15,0.446262
2022-05-16,0.40034
2022-05-17,0.42731
2022-05-18,0.372258
2022-05-19,0.396513
2022-05-20,0.449489
2022-05-21,0.440955
2022-05-22,0.45441
2022-05-23,0.427998
2022-05-24,0.430775
2022-05-25,0.419708
2022-05-26,0.390431
2022-05-27,0.368931
2022-05-28,0.381541
2022-05-29,0.391742
2022-05-30,0.428705
2022-05-31,0.421685
2022-06-01,0.402192
2022-06-02,0.415145
2022-06-03,0.396381
2022-06-04,0.396443
2022-06-05,0.408113
2022-06-06,0.430114
2022-06-07,0.41039
2022-06-08,0.398146
2022-06-09,0.393447
2022-06-10,0.362655
2022-06-11,0.333054
2022-06-12,0.299746
2022-06-13,0.248515
2022-06-14,0.252173
2022-06-15,0.273732
2022-06-16,0.263781
2022-06-17,0.27058
2022-06-18,0.249679
2022-06-19,0.263722
2022-06-20,0.275881
2022-06-21,0.280338
2022-06-22,0.271589
2022-06-23,0.290767
2022-06-24,0.303386
2022-06-25,0.311625
2022-06-26,0.317492
2022-06-27,0.324698
2022-06-28,0.318767
2022-06-29,0.370734
2022-06-30,0.328591
2022-07-01,0.307767
2022-07-02,0.30263
2022-07-03,0.297994
2022-07-04,0.302818
2022-07-05,0.302401
2022-07-06,0.308743
2022-07-07,0.317396
2022-07-08,0.322298
2022-07-09,0.331871
2022-07-10,0.314755
2022-07-11,0.28473
2022-07-12,0.275481
2022-07-13,0.283856
2022-07-14,0.290954
2022-07-15,0.293526
2022-07-16,0.30687
2022-07-17,0.296748
2022-07-18,0.319964
2022-07-19,0.332639
2022-07-20,0.313176
2022-07-21,0.323187
2022-07-22,0.31314
2022-07-23,0.310095
2022-07-24,0.309077
2022-07-25,0.284923
2022-07-26,0.288447
2022-07-27,0.307524
2022-07-28,0.332157
2022-07-29,0.334672
2022-07-30,0.351713
2022-07-31,0.390907
2022-08-01,0.365777
2022-08-02,0.343732
2022-08-03,0.338923
2022-08-04,0.343178
2022-08-05,0.358078
2022-08-06,0.35452
2022-08-07,0.354706
2022-08-08,0.364236
2022-08-09,0.346402
2022-08-10,0.369565
2022-08-11,0.379085
2022-08-12,0.390106
2022-08-13,0.388903
2022-08-14,0.37731
2022-08-15,0.375751
2022-08-16,0.364238
2022-08-17,0.349484
2022-08-18,0.338174
2022-08-19,0.304544
2022-08-20,0.303645
2022-08-21,0.311566
2022-08-22,0.306465
2022-08-23,0.311778
2022-08-24,0.310915
2022-08-25,0.323268
2022-08-26,0.29066
2022-08-27,0.299375
2022-08-28,0.293881
2022-08-29,0.306297
2022-08-30,0.299448
2022-08-31,0.298393
2022-09-01,0.298796
2022-09-02,0.292804
2022-09-03,0.293179
2022-09-04,0.29989
2022-09-05,0.299333
2022-09-06,0.274537
2022-09-07,0.284909
2022-09-08,0.305339
2022-09-09,0.313829
2022-09-10,0.313265
2022-09-11,0.313049
2022-09-12,0.319866
2022-09-13,0.290994
2022-09-14,0.294118
2022-09-15,0.281945
2022-09-16,0.283174
2022-09-17,0.291595
2022-09-18,0.267578
2022-09-19,0.273224
2022-09-20,0.269209
2022-09-21,0.261326
2022-09-22,0.277121
2022-09-23,0.279584
2022-09-24,0.273257
2022-09-25,0.269091
2022-09-26,0.268137
2022-09-27,0.267582
2022-09-28,0.269141
2022-09-29,0.270177
2022-09-30,0.268361
2022-10-01,0.268479
2022-10-02,0.261456
2022-10-03,0.266634
2022-10-04,0.272601
2022-10-05,0.270138
2022-10-06,0.266354
2022-10-07,0.265329
2022-10-08,0.270658
2022-10-09,0.273837
2022-10-10,0.260349
2022-10-11,0.252521
2022-10-12,0.253398
2022-10-13,0.247635
2022-10-14,0.244644
2022-10-15,0.245753
2022-10-16,0.251549
2022-10-17,0.255101
2022-10-18,0.253931
2022-10-19,0.243312
2022-10-20,0.24345
2022-10-21,0.240769
2022-10-22,0.242921
2022-10-23,0.246954
2022-10-24,0.243396
2022-10-25,0.25367
2022-10-26,0.258719
2022-10-27,0.255623
2022-10-28,0.258268
2022-10-29,0.261767
2022-10-30,0.252313
2022-10-31,0.255075
2022-11-01,0.253984
2022-11-02,0.25057
2022-11-03,0.262321
2022-11-04,0.281285
2022-11-05,0.274299
2022-11-06,0.257406
2022-11-07,0.258556
2022-11-08,0.211525
2022-11-09,0.164043
2022-11-10,0.195583
2022-11-11,0.186916
2022-11-12,0.177079
2022-11-13,0.173446
2022-11-14,0.177868
2022-11-15,0.187318
2022-11-16,0.181874
2022-11-17,0.178592
2022-11-18,0.181412
2022-11-19,0.189862
2022-11-20,0.180517
2022-11-21,0.181721
2022-11-22,0.191285
2022-11-23,0.199443
2022-11-24,0.201381
2022-11-25,0.193955
2022-11-26,0.19268
2022-11-27,0.192223
2022-11-28,0.185182
2022-11-29,0.187241
2022-11-30,0.202822
2022-12-01,0.194349
2022-12-02,0.193552
2022-12-03,0.190112
2022-12-04,0.197506
2022-12-05,0.191915
2022-12-06,0.19243
2022-12-07,0.184052
2022-12-08,0.189037
2022-12-09,0.189369
2022-12-10,0.194125
2022-12-11,0.196344
2022-12-12,0.19021
2022-12-13,0.192878
2022-12-14,0.191776
2022-12-15,0.186661
2022-12-16,0.167416
2022-12-17,0.169069
2022-12-18,0.169314
2022-12-19,0.15914
2022-12-20,0.1689
2022-12-21,0.16937
2022-12-22,0.167242
2022-12-23,0.167509
2022-12-24,0.168371
2022-12-25,0.164252
2022-12-26,0.163856
2022-12-27,0.160594
2022-12-28,0.153937
2022-12-29,0.153692
2022-12-30,0.14846
2022-12-31,0.148432
2023-01-01,0.150935
2023-01-02,0.156295
2023-01-03,0.154527
2023-01-04,0.15848
2023-01-05,0.157122
2023-01-06,0.16122
2023-01-07,0.158134
2023-01-08,0.165724
2023-01-09,0.169566
2023-01-10,0.173803
2023-01-11,0.178027
2023-01-12,0.182859
2023-01-13,0.18999
2023-01-14,0.205503
2023-01-15,0.203408
2023-01-16,0.209344
2023-01-17,0.208801
2023-01-18,0.199001
2023-01-19,0.204674
2023-01-20,0.218388
2023-01-21,0.221195
2023-01-22,0.229877
2023-01-23,0.227441
2023-01-24,0.21874
2023-01-25,0.226342
2023-01-26,0.22817
2023-01-27,0.241492
2023-01-28,0.230971
2023-01-29,0.236425
2023-01-30,0.215055
2023-01-31,0.216964
2023-02-01,0.226654
2023-02-02,0.234331
2023-02-03,0.25491
2023-02-04,0.259844
2023-02-05,0.24947
2023-02-06,0.245305
2023-02-07,0.261107
2023-02-08,0.255215
2023-02-09,0.229687
2023-02-10,0.233157
2023-02-11,0.243015
2023-02-12,0.234077
2023-02-13,0.224808
2023-02-14,0.233507
2023-02-15,0.254171
2023-02-16,0.241902
2023-02-17,0.262127
2023-02-18,0.258413
2023-02-19,0.25537
2023-02-20,0.274503
2023-02-21,0.265897
2023-02-22,0.262528
2023-02-23,0.279659
2023-02-24,0.267896
2023-02-25,0.272849
2023-02-26,0.26967
2023-02-27,0.262253
2023-02-28,0.256393
2023-03-01,0.30213
2023-03-02,0.2772
2023-03-03,0.253686
2023-03-04,0.242397
2023-03-05,0.239262
2023-03-06,0.241195
2023-03-07,0.234207
2023-03-08,0.217192
2023-03-09,0.199953
2023-03-10,0.202251
2023-03-11,0.199669
2023-03-12,0.213797
2023-03-13,0.226511
2023-03-14,0.236415
2023-03-15,0.21873
2023-03-16,0.2246
2023-03-17,0.241552
2023-03-18,0.233266
2023-03-19,0.252094
2023-03-20,0.237269
2023-03-21,0.240253
2023-03-22,0.229471
2023-03-23,0.239633
2023-03-24,0.230424
2023-03-25,0.226767
2023-03-26,0.230193
2023-03-27,0.217342
2023-03-28,0.221498
2023-03-29,0.237394
2023-03-30,0.232405
2023-03-31,0.301366
2023-04-01,0.314177
2023-04-02,0.287829
2023-04-03,0.293068
2023-04-04,0.334428
2023-04-05,0.32041
2023-04-06,0.302047
2023-04-07,0.290943
2023-04-08,0.279551
2023-04-09,0.287827
2023-04-10,0.288985
2023-04-11,0.285959
2023-04-12,0.279308
2023-04-13,0.282333
2023-04-14,0.300098
2023-04-15,0.296342
2023-04-16,0.3063
2023-04-17,0.293132
2023-04-18,0.304338
2023-04-19,0.277641
2023-04-20,0.266745
2023-04-21,0.256361
2023-04-22,0.266486
2023-04-23,0.262063
2023-04-24,0.258128
2023-04-25,0.263178
2023-04-26,0.257845
2023-04-27,0.266422
2023-04-28,0.263161
2023-04-29,0.261948
2023-04-30,0.258229
2023-05-01,0.247353
2023-05-02,0.24844
2023-05-03,0.251668
2023-05-04,0.24599
2023-05-05,0.252974
2023-05-06,0.241935
2023-05-07,0.238463
2023-05-08,0.215626
2023-05-09,0.220223
2023-05-10,0.227921
2023-05-11,0.216667
2023-05-12,0.2193
2023-05-13,0.217428
2023-05-14,0.221845
2023-05-15,0.223071
2023-05-16,0.229505
2023-05-17,0.232486
2023-05-18,0.228817
2023-05-19,0.229166
2023-05-20,0.227887
2023-05-21,0.220754
2023-05-22,0.221371
2023-05-23,0.227342
2023-05-24,0.221809
2023-05-25,0.218166
2023-05-26,0.219362
2023-05-27,0.220121
2023-05-28,0.227815
2023-05-29,0.227081
2023-05-30,0.230774
2023-05-31,0.226313
2023-06-01,0.220183
2023-06-02,0.222217
2023-06-03,0.221118
2023-06-04,0.222075
2023-06-05,0.206037
2023-06-06,0.210702
2023-06-07,0.200676
2023-06-08,0.201699
2023-06-09,0.19983
2023-06-10,0.174645
2023-06-11,0.176184
2023-06-12,0.172249
2023-06-13,0.174226
2023-06-14,0.16992
2023-06-15,0.173414
2023-06-16,0.17546
2023-06-17,0.178888
2023-06-18,0.175203
2023-06-19,0.177649
2023-06-20,0.183888
2023-06-21,0.194002
2023-06-22,0.191774
2023-06-23,0.201533
2023-06-24,0.205882
2023-06-25,0.207633
2023-06-26,0.212406
2023-06-27,0.217587
2023-06-28,0.197259
2023-06-29,0.201633
2023-06-30,0.212343
2023-07-01,0.218874
2023-07-02,0.214127
2023-07-03,0.217951
2023-07-04,0.215579
2023-07-05,0.223869
2023-07-06,0.20618
2023-07-07,0.20964
2023-07-08,0.203378
2023-07-09,0.201856
2023-07-10,0.203143
2023-07-11,0.210122
2023-07-12,0.209983
2023-07-13,0.226128
2023-07-14,0.218089
2023-07-15,0.222858
2023-07-16,0.212729
2023-07-17,0.224104
2023-07-18,0.211839
2023-07-19,0.210062
2023-07-20,0.206149
2023-07-21,0.210615
2023-07-22,0.207883
2023-07-23,0.215688
2023-07-24,0.206701
2023-07-25,0.207052
2023-07-26,0.208166
2023-07-27,0.208348
2023-07-28,0.214539
2023-07-29,0.22059
2023-07-30,0.216867
2023-07-31,0.215768
2023-08-01,0.221563
2023-08-02,0.220427
2023-08-03,0.220298
2023-08-04,0.216239
2023-08-05,0.214386
2023-08-06,0.219038
2023-08-07,0.216162
2023-08-08,0.215687
2023-08-09,0.215393
2023-08-10,0.211942
2023-08-11,0.212907
2023-08-12,0.2178
2023-08-13,0.220275
2023-08-14,0.224959
2023-08-15,0.211332
2023-08-16,0.192266
2023-08-17,0.171509
2023-08-18,0.174007
2023-08-19,0.177819
2023-08-20,0.178864
2023-08-21,0.174251
2023-08-22,0.173108
2023-08-23,0.17671
2023-08-24,0.173338
2023-08-25,0.172304
2023-08-26,0.171157
2023-08-27,0.171626
2023-08-28,0.171176
2023-08-29,0.17909
2023-08-30,0.17339
2023-08-31,0.165063
2023-09-01,0.162265
2023-09-02,0.163908
2023-09-03,0.164561
2023-09-04,0.168904
2023-09-05,0.177761
2023-09-06,0.174797
2023-09-07,0.170271
2023-09-08,0.173886
2023-09-09,0.170785
2023-09-10,0.166976
2023-09-11,0.158156
2023-09-12,0.164633
2023-09-13,0.173638
2023-09-14,0.178473
2023-09-15,0.18937
2023-09-16,0.189565
2023-09-17,0.179177
2023-09-18,0.180903
2023-09-19,0.183027
2023-09-20,0.183679
2023-09-21,0.183478
2023-09-22,0.186685
2023-09-23,0.189699
2023-09-24,0.183509
2023-09-25,0.182573
2023-09-26,0.182547
2023-09-27,0.184867
2023-09-28,0.195886
2023-09-29,0.194984
2023-09-30,0.190938
2023-10-01,0.197644
2023-10-02,0.190436
2023-10-03,0.185635
2023-10-04,0.183405
2023-10-05,0.181275
2023-10-06,0.185305
2023-10-07,0.185075
2023-10-08,0.215806
2023-10-09,0.195685
2023-10-10,0.191108
2023-10-11,0.193827
2023-10-12,0.187517
2023-10-13,0.200705
2023-10-14,0.212476
2023-10-15,0.217699
2023-10-16,0.23929
2023-10-17,0.254399
2023-10-18,0.228497
2023-10-19,0.206515
2023-10-20,0.215067
2023-10-21,0.225014
2023-10-22,0.221621
2023-10-23,0.22971
2023-10-24,0.235772
2023-10-25,0.250438
2023-10-26,0.236182
2023-10-27,0.234176
2023-10-28,0.237852
2023-10-29,0.25952
2023-10-30,0.266408
2023-10-31,0.282597
2023-11-01,0.274562
2023-11-02,0.2592
2023-11-03,0.266504
2023-11-04,0.27567
2023-11-05,0.267257
2023-11-06,0.272091
2023-11-07,0.278688
2023-11-08,0.292189
2023-11-09,0.281997
2023-11-10,0.289003
2023-11-11,0.460313
2023-11-12,0.498433
2023-11-13,0.522115
2023-11-14,0.520555
2023-11-15,0.521942
2023-11-16,0.467826
2023-11-17,0.426947
2023-11-18,0.399142
2023-11-19,0.399774
2023-11-20,0.395118
2023-11-21,0.374742
2023-11-22,0.403986
2023-11-23,0.424903
2023-11-24,0.434762
2023-11-25,0.427872
2023-11-26,0.401705
2023-11-27,0.391707
2023-11-28,0.396652
2023-11-29,0.395284
2023-11-30,0.383214
2023-12-01,0.401971
2023-12-02,0.413273
2023-12-03,0.405087
2023-12-04,0.413027
2023-12-05,0.416754
2023-12-06,0.408785
2023-12-07,0.414393
2023-12-08,0.430774
2023-12-09,0.430794
2023-12-10,0.42124
2023-12-11,0.37925
2023-12-12,0.371886
2023-12-13,0.381057
2023-12-14,0.391316
2023-12-15,0.370626
2023-12-16,0.385902
2023-12-17,0.371796
2023-12-18,0.367325
2023-12-19,0.366539
2023-12-20,0.380091
2023-12-21,0.374426
2023-12-22,0.369702
2023-12-23,0.366393
2023-12-24,0.357625
2023-12-25,0.36859
2023-12-26,0.358646
2023-12-27,0.362033
2023-12-28,0.373451
2023-12-29,0.366881
2023-12-30,0.365994
2023-12-31,0.369395
2024-01-01,0.373674
2024-01-02,0.371138
2024-01-03,0.329992
2024-01-04,0.351044
2024-01-05,0.334902
2024-01-06,0.329571
2024-01-07,0.30775
2024-01-08,0.323048
2024-01-09,0.322107
2024-01-10,0.334399
2024-01-11,0.347209
2024-01-12,0.350344
2024-01-13,0.341966
2024-01-14,0.331232
2024-01-15,0.337313
2024-01-16,0.337611
2024-01-17,0.334415
2024-01-18,0.317658
2024-01-19,0.317564
2024-01-20,0.327799
2024-01-21,0.318192
2024-01-22,0.297998
2024-01-23,0.293549
2024-01-24,0.302691
2024-01-25,0.302656
2024-01-26,0.348401
2024-01-27,0.385612
2024-01-28,0.347502
2024-01-29,0.346546
2024-01-30,0.331434
2024-01-31,0.316158
2024-02-01,0.319726
2024-02-02,0.322348
2024-02-03,0.317486
2024-02-04,0.311697
2024-02-05,0.312905
2024-02-06,0.315942
2024-02-07,0.319527
2024-02-08,0.315897
2024-02-09,0.323407
2024-02-10,0.318713
2024-02-11,0.319308
2024-02-12,0.32839
2024-02-13,0.325658
2024-02-14,0.332193
2024-02-15,0.340669
2024-02-16,0.343386
2024-02-17,0.343201
2024-02-18,0.354506
2024-02-19,0.364647
2024-02-20,0.367337
2024-02-21,0.351554
2024-02-22,0.353052
2024-02-23,0.350899
2024-02-24,0.361088
2024-02-25,0.36942
2024-02-26,0.372922
2024-02-27,0.380146
2024-02-28,0.369347
2024-02-29,0.38
2024-03-01,0.406987
2024-03-02,0.431539
2024-03-03,0.419177
2024-03-04,0.440846
2024-03-05,0.408191
2024-03-06,0.527185
2024-03-07,0.515601
2024-03-08,0.562559
2024-03-09,0.576627
2024-03-10,0.800715
2024-03-11,0.824724
2024-03-12,0.93804
2024-03-13,1.077464
2024-03-14,1.347578
2024-03-15,1.324452
2024-03-16,1.34596
2024-03-17,1.309203
2024-03-18,1.181968
2024-03-19,1.141647
2024-03-20,1.202252
2024-03-21,0.871754
2024-03-22,0.876097
2024-03-23,0.855067
2024-03-24,0.922646
2024-03-25,1.002764
2024-03-26,1.043184
2024-03-27,1.068132
2024-03-28,1.046713
2024-03-29,0.861769
2024-03-30,0.777345
2024-03-31,0.759652
2024-04-01,0.70986
2024-04-02,0.653251
2024-04-03,0.645849
2024-04-04,0.675182
2024-04-05,0.655158
2024-04-06,0.666541
2024-04-07,0.691049
2024-04-08,0.735268
2024-04-09,0.681806
2024-04-10,0.661494
2024-04-11,0.640176
2024-04-12,0.546983
2024-04-13,0.470514
2024-04-14,0.501938
2024-04-15,0.483006
2024-04-16,0.492834
2024-04-17,0.488784
2024-04-18,0.505211
2024-04-19,0.52203
2024-04-20,0.55125
2024-04-21,0.550118
2024-04-22,0.570789
2024-04-23,0.55802
2024-04-24,0.517058
2024-04-25,0.519373
2024-04-26,0.507474
2024-04-27,0.507151
2024-04-28,0.498929
2024-04-29,0.49725
2024-04-30,0.46344
2024-05-01,0.465421
2024-05-02,0.474063
2024-05-03,0.490713
2024-05-04,0.494967
2024-05-05,0.503131
2024-05-06,0.487516
2024-05-07,0.477032
2024-05-08,0.474205
2024-05-09,0.486375
2024-05-10,0.458396
2024-05-11,0.455252
2024-05-12,0.452247
2024-05-13,0.451637
2024-05-14,0.440218
2024-05-15,0.472962
2024-05-16,0.497497
2024-05-17,0.578798
2024-05-18,0.586212
2024-05-19,0.553634
2024-05-20,0.578994
2024-05-21,0.575228
2024-05-22,0.56161
2024-05-23,0.570913
2024-05-24,0.560609
2024-05-25,0.569142
2024-05-26,0.549122
2024-05-27,0.558982
2024-05-28,0.547054
2024-05-29,0.53093
2024-05-30,0.516702
2024-05-31,0.520656
2024-06-01,0.519801
2024-06-02,0.508522
2024-06-03,0.503421
2024-06-04,0.525236
2024-06-05,0.545749
2024-06-06,0.526504
2024-06-07,0.481314
2024-06-08,0.450813
2024-06-09,0.462889
2024-06-10,0.455021
2024-06-11,0.430299
2024-06-12,0.449061
2024-06-13,0.426156
2024-06-14,0.407036
2024-06-15,0.406891
2024-06-16,0.414035
2024-06-17,0.373165
2024-06-18,0.33609
2024-06-19,0.354396
2024-06-20,0.360755
2024-06-21,0.360001
2024-06-22,0.359501
2024-06-23,0.347367
2024-06-24,0.360543
2024-06-25,0.369864
2024-06-26,0.361785
2024-06-27,0.373515
2024-06-28,0.358236
2024-06-29,0.347815
2024-06-30,0.367961
2024-07-01,0.357214
2024-07-02,0.360412
2024-07-03,0.34044
2024-07-04,0.302719
2024-07-05,0.293571
2024-07-06,0.314366
2024-07-07,0.291985
2024-07-08,0.301735
2024-07-09,0.308418
2024-07-10,0.328113
2024-07-11,0.313975
2024-07-12,0.316517
2024-07-13,0.324506
2024-07-14,0.329446
2024-07-15,0.364787
2024-07-16,0.359267
2024-07-17,0.358224
2024-07-18,0.353004
2024-07-19,0.378594
2024-07-20,0.383549
2024-07-21,0.39203
2024-07-22,0.373301
2024-07-23,0.374181
2024-07-24,0.362057
2024-07-25,0.352313
2024-07-26,0.394366
2024-07-27,0.385071
2024-07-28,0.375761
2024-07-29,0.376837
2024-07-30,0.368216
2024-07-31,0.366309
2024-08-01,0.350188
2024-08-02,0.316048
2024-08-03,0.306672
2024-08-04,0.287736
2024-08-05,0.261584
2024-08-06,0.27859
2024-08-07,0.277278
2024-08-08,0.308568
2024-08-09,0.307661
2024-08-10,0.313022
2024-08-11,0.293675
2024-08-12,0.311068
2024-08-13,0.314506
2024-08-14,0.312473
2024-08-15,0.300145
2024-08-16,0.298331
2024-08-17,0.299164
2024-08-18,0.301307
2024-08-19,0.308889
2024-08-20,0.311746
2024-08-21,0.322392
2024-08-22,0.329967
2024-08-23,0.345848
2024-08-24,0.352158
2024-08-25,0.341951
2024-08-26,0.321298
2024-08-27,0.305172
2024-08-28,0.297789
2024-08-29,0.297802
2024-08-30,0.294345
2024-08-31,0.29054
2024-09-01,0.276621
2024-09-02,0.293218
2024-09-03,0.277812
2024-09-04,0.284901
2024-09-05,0.271581
2024-09-06,0.264127
2024-09-07,0.267567
2024-09-08,0.271565
2024-09-09,0.283943
2024-09-10,0.283805
2024-09-11,0.27731
2024-09-12,0.287185
2024-09-13,0.298387
2024-09-14,0.293912
2024-09-15,0.286272
2024-09-16,0.277305
2024-09-17,0.284654
2024-09-18,0.294042
2024-09-19,0.313861
2024-09-20,0.32661
2024-09-21,0.343869
2024-09-22,0.32408
2024-09-23,0.332845
2024-09-24,0.338535
2024-09-25,0.345771
2024-09-26,0.355805
2024-09-27,0.36722
2024-09-28,0.355647
2024-09-29,0.3591
2024-09-30,0.335027
2024-10-01,0.30824
2024-10-02,0.30281
2024-10-03,0.295102
2024-10-04,0.313869
2024-10-05,0.309379
2024-10-06,0.322744
2024-10-07,0.315475
2024-10-08,0.310737
2024-10-09,0.307479
2024-10-10,0.303788
2024-10-11,0.316037
2024-10-12,0.323676
2024-10-13,0.324324
2024-10-14,0.335699
2024-10-15,0.335749
2024-10-16,0.328066
2024-10-17,0.319261
2024-10-18,0.335727
2024-10-19,0.335849
2024-10-20,0.354352
2024-10-21,0.358146
2024-10-22,0.3492
2024-10-23,0.338838
2024-10-24,0.341311
2024-10-25,0.318511
2024-10-26,0.316674
2024-10-27,0.321793
2024-10-28,0.32111
2024-10-29,0.337
2024-10-30,0.339504
2024-10-31,0.317824
2024-11-01,0.310855
2024-11-02,0.301778
2024-11-03,0.291206
2024-11-04,0.279425
2024-11-05,0.293222
2024-11-06,0.325028
2024-11-07,0.332387
2024-11-08,0.334002
2024-11-09,0.344064
2024-11-10,0.359133
2024-11-11,0.385599
2024-11-12,0.382248
2024-11-13,0.359184
2024-11-14,0.343345
2024-11-15,0.359218
2024-11-16,0.401808
2024-11-17,0.366756
2024-11-18,0.473488
2024-11-19,0.433657
2024-11-20,0.414424
2024-11-21,0.430574
2024-11-22,0.451011
2024-11-23,0.461462
2024-11-24,0.503109
2024-11-25,0.475768
2024-11-26,0.575106
2024-11-27,0.579913
2024-11-28,0.549152
2024-11-29,0.570941
2024-11-30,0.584694
2024-12-01,0.591126
2024-12-02,0.617144
2024-12-03,0.649154
2024-12-04,0.666266
2024-12-05,0.642401
2024-12-06,0.744522
2024-12-07,0.761309
2024-12-08,0.761976
2024-12-09,0.614101
2024-12-10,0.560206
2024-12-11,0.621512
2024-12-12,0.638037
2024-12-13,0.65179
2024-12-14,0.60582
2024-12-15,0.625989
2024-12-16,0.595421
2024-12-17,0.558604
2024-12-18,0.498467
2024-12-19,0.457426
2024-12-20,0.477579
2024-12-21,0.448709
2024-12-22,0.454065
2024-12-23,0.477565
2024-12-24,0.514261
2024-12-25,0.506464
2024-12-26,0.460405
2024-12-27,0.473343
2024-12-28,0.494361
2024-12-29,0.46701
2024-12-30,0.463933
2024-12-31,0.456863
2025-01-01,0.473018
2025-01-02,0.492632
2025-01-03,0.521527
2025-01-04,0.53605
2025-01-05,0.536246
2025-01-06,0.544178
2025-01-07,0.484187
2025-01-08,0.499274
2025-01-09,0.503341
2025-01-10,0.51219
2025-01-11,0.500629
2025-01-12,0.487742
2025-01-13,0.469045
2025-01-14,0.487101
2025-01-15,0.521674
2025-01-16,0.50838
2025-01-17,0.549086
2025-01-18,0.503876
2025-01-19,0.45199
2025-01-20,0.462423
2025-01-21,0.474239
2025-01-22,0.439416
2025-01-23,0.44055
2025-01-24,0.431815
2025-01-25,0.436589
2025-01-26,0.432294
2025-01-27,0.412122
2025-01-28,0.390255
2025-01-29,0.401521
2025-01-30,0.419042
2025-01-31,0.41206
2025-02-01,0.380107
2025-02-02,0.331467
2025-02-03,0.340541
2025-02-04,0.32391
2025-02-05,0.307802
2025-02-06,0.290644
2025-02-07,0.295192
2025-02-08,0.312998
2025-02-09,0.310364
2025-02-10,0.314003
2025-02-11,0.310213
2025-02-12,0.331378
2025-02-13,0.322244
2025-02-14,0.327406
2025-02-15,0.320397
2025-02-16,0.326025
2025-02-17,0.331461
2025-02-18,0.312653
2025-02-19,0.314289
2025-02-20,0.329827
2025-02-21,0.313121
2025-02-22,0.324697
2025-02-23,0.323859
2025-02-24,0.290703
2025-02-25,0.293205
2025-02-26,0.289475
2025-02-27,0.295241
2025-02-28,0.298935
2025-03-01,0.289811
2025-03-02,0.318186
2025-03-03,0.271415
2025-03-04,0.273474
2025-03-05,0.283943
2025-03-06,0.274155
2025-03-07,0.274447
2025-03-08,0.26841
2025-03-09,0.240633
2025-03-10,0.230655
2025-03-11,0.23972
2025-03-12,0.245774
2025-03-13,0.24179
2025-03-14,0.251099
2025-03-15,0.254897
2025-03-16,0.241917
2025-03-17,0.261719
2025-03-18,0.259728
2025-03-19,0.267781
2025-03-20,0.267266
2025-03-21,0.256362
2025-03-22,0.263775
2025-03-23,0.260778
2025-03-24,0.290731
2025-03-25,0.283477
2025-03-26,0.276408
2025-03-27,0.27659
2025-03-28,0.258044
2025-03-29,0.242782
2025-03-30,0.243389
2025-03-31,0.242376
2025-04-01,0.248142
2025-04-02,0.230424
2025-04-03,0.231348
2025-04-04,0.233442
2025-04-05,0.233521
2025-04-06,0.212901
2025-04-07,0.213324
2025-04-08,0.205806
2025-04-09,0.229472
2025-04-10,0.228937
2025-04-11,0.236107
2025-04-12,0.247945
2025-04-13,0.233268
2025-04-14,0.23394
2025-04-15,0.234257
2025-04-16,0.238629
2025-04-17,0.251166
2025-04-18,0.253586
2025-04-19,0.260984
2025-04-20,0.256543
2025-04-21,0.254142
2025-04-22,0.268174
2025-04-23,0.27295
2025-04-24,0.274337
2025-04-25,0.276594
2025-04-26,0.282315
2025-04-27,0.268746
2025-04-28,0.273928
2025-04-29,0.273057
2025-04-30,0.277397
2025-05-01,0.276785
2025-05-02,0.277374
2025-05-03,0.260783
2025-05-04,0.251512
2025-05-05,0.255053
2025-05-06,0.246399
2025-05-07,0.251054
2025-05-08,0.280342
2025-05-09,0.293501
2025-05-10,0.310518
2025-05-11,0.300632
2025-05-12,0.302467
2025-05-13,0.307526
2025-05-14,0.295393
2025-05-15,0.28144
2025-05-16,0.275053
2025-05-17,0.264542
2025-05-18,0.280343
2025-05-19,0.270188
2025-05-20,0.273768
2025-05-21,0.28091
2025-05-22,0.290606
2025-05-23,0.264164
2025-05-24,0.260703
2025-05-25,0.259589
2025-05-26,0.259441
2025-05-27,0.263686
2025-05-28,0.259459
2025-05-29,0.251373
2025-05-30,0.231539
2025-05-31,0.23739
2025-06-01,0.238063
2025-06-02,0.2446
2025-06-03,0.245617
2025-06-04,0.239261
2025-06-05,0.22766
2025-06-06,0.23329
2025-06-07,0.239277
2025-06-08,0.239505
2025-06-09,0.252374
2025-06-10,0.262915
2025-06-11,0.24912
2025-06-12,0.235956
2025-06-13,0.230927
2025-06-14,0.228437
2025-06-15,0.229816
2025-06-16,0.23181
2025-06-17,0.223243
2025-06-18,0.224114
2025-06-19,0.222364
2025-06-20,0.215867
2025-06-21,0.204913
2025-06-22,0.200738
2025-06-23,0.220759
2025-06-24,0.225175
2025-06-25,0.217618
2025-06-26,0.211443
2025-06-27,0.213278
2025-06-28,0.218525
2025-06-29,0.22571
2025-06-30,0.218238
2025-07-01,0.208304
2025-07-02,0.224676
2025-07-03,0.225333
2025-07-04,0.215059
2025-07-05,0.214388
2025-07-06,0.218929
2025-07-07,0.217399
2025-07-08,0.222893
2025-07-09,0.235125
2025-07-10,0.248373
2025-07-11,0.249174
2025-07-12,0.254056
2025-07-13,0.26365
2025-07-14,0.261855
2025-07-15,0.269476
2025-07-16,0.271796
2025-07-17,0.276064
2025-07-18,0.278281
2025-07-19,0.287239
2025-07-20,0.298888
2025-07-21,0.301464
2025-07-22,0.30004
2025-07-23,0.272207
2025-07-24,0.264285
2025-07-25,0.270533
2025-07-26,0.268895
2025-07-27,0.279627
2025-07-28,0.25931
2025-07-29,0.256989
2025-07-30,0.252155
2025-07-31,0.236987
2025-08-01,0.231208
2025-08-02,0.227828
2025-08-03,0.236399