Date,1inch - Price ($)
2020-12-24,2.356306
2020-12-25,2.356306
2020-12-26,1.615162
2020-12-27,1.075165
2020-12-28,1.114812
2020-12-29,0.892788
2020-12-30,1.092417
2020-12-31,1.372436
2021-01-01,1.149275
2021-01-02,1.02963
2021-01-03,1.115702
2021-01-04,1.010179
2021-01-05,1.257711
2021-01-06,1.516463
2021-01-07,1.312864
2021-01-08,1.197436
2021-01-09,1.252969
2021-01-10,1.216406
2021-01-11,1.126908
2021-01-12,1.125244
2021-01-13,1.276337
2021-01-14,1.329616
2021-01-15,1.345684
2021-01-16,1.651222
2021-01-17,2.027588
2021-01-18,1.872377
2021-01-19,1.918043
2021-01-20,1.867014
2021-01-21,1.565528
2021-01-22,1.766017
2021-01-23,1.929093
2021-01-24,2.472836
2021-01-25,2.404575
2021-01-26,2.661685
2021-01-27,2.519869
2021-01-28,3.127688
2021-01-29,3.353491
2021-01-30,4.580522
2021-01-31,4.991271
2021-02-01,5.011209
2021-02-02,4.665716
2021-02-03,5.024057
2021-02-04,5.551383
2021-02-05,5.819219
2021-02-06,5.250323
2021-02-07,4.93877
2021-02-08,5.348915
2021-02-09,5.120852
2021-02-10,4.890906
2021-02-11,5.638933
2021-02-12,5.291805
2021-02-13,5.703166
2021-02-14,5.272576
2021-02-15,4.934573
2021-02-16,4.74992
2021-02-17,4.856511
2021-02-18,4.783802
2021-02-19,4.630221
2021-02-20,5.184956
2021-02-21,5.074846
2021-02-22,4.554266
2021-02-23,3.607942
2021-02-24,3.638016
2021-02-25,3.927714
2021-02-26,4.537558
2021-02-27,4.206901
2021-02-28,3.818938
2021-03-01,4.115217
2021-03-02,4.019444
2021-03-03,4.090446
2021-03-04,3.865638
2021-03-05,3.758236
2021-03-06,3.825886
2021-03-07,3.991743
2021-03-08,4.319623
2021-03-09,4.449524
2021-03-10,4.017148
2021-03-11,4.007562
2021-03-12,3.808089
2021-03-13,4.154027
2021-03-14,3.875137
2021-03-15,3.942713
2021-03-16,4.583272
2021-03-17,5.017502
2021-03-18,4.578417
2021-03-19,4.915456
2021-03-20,4.732416
2021-03-21,4.674777
2021-03-22,4.307185
2021-03-23,4.109397
2021-03-24,3.71444
2021-03-25,3.666187
2021-03-26,4.012969
2021-03-27,4.001967
2021-03-28,4.083902
2021-03-29,4.578652
2021-03-30,4.499757
2021-03-31,4.32135
2021-04-01,4.460199
2021-04-02,4.680864
2021-04-03,4.246245
2021-04-04,4.583264
2021-04-05,5.267278
2021-04-06,5.225707
2021-04-07,5.541179
2021-04-08,6.210335
2021-04-09,6.104218
2021-04-10,5.745232
2021-04-11,5.675246
2021-04-12,5.535183
2021-04-13,5.642252
2021-04-14,5.883046
2021-04-15,6.094857
2021-04-16,5.81723
2021-04-17,6.474073
2021-04-18,5.275458
2021-04-19,4.849783
2021-04-20,5.008304
2021-04-21,5.045825
2021-04-22,4.612725
2021-04-23,4.277354
2021-04-24,3.93519
2021-04-25,3.978819
2021-04-26,4.544625
2021-04-27,5.130118
2021-04-28,5.551677
2021-04-29,5.464205
2021-04-30,5.665324
2021-05-01,5.509215
2021-05-02,5.363371
2021-05-03,5.863427
2021-05-04,5.222558
2021-05-05,5.981397
2021-05-06,6.617718
2021-05-07,6.585822
2021-05-08,7.454141
2021-05-09,7.069893
2021-05-10,6.200133
2021-05-11,6.516353
2021-05-12,5.623346
2021-05-13,5.553435
2021-05-14,5.753256
2021-05-15,5.262163
2021-05-16,5.058799
2021-05-17,4.708246
2021-05-18,5.302843
2021-05-19,3.31248
2021-05-20,3.597471
2021-05-21,3.065238
2021-05-22,2.730739
2021-05-23,2.377898
2021-05-24,2.933155
2021-05-25,2.883457
2021-05-26,3.405476
2021-05-27,3.276214
2021-05-28,2.760912
2021-05-29,2.571789
2021-05-30,2.881314
2021-05-31,3.206416
2021-06-01,3.116633
2021-06-02,3.389688
2021-06-03,3.500335
2021-06-04,3.389356
2021-06-05,3.674678
2021-06-06,3.889105
2021-06-07,3.363661
2021-06-08,3.108175
2021-06-09,3.173716
2021-06-10,3.014994
2021-06-11,2.729424
2021-06-12,2.747778
2021-06-13,3.018185
2021-06-14,3.694479
2021-06-15,3.775157
2021-06-16,3.574329
2021-06-17,3.419585
2021-06-18,3.148849
2021-06-19,3.030645
2021-06-20,3.461388
2021-06-21,2.674328
2021-06-22,2.387915
2021-06-23,2.612704
2021-06-24,2.696853
2021-06-25,2.387349
2021-06-26,2.330749
2021-06-27,2.50728
2021-06-28,2.467777
2021-06-29,2.539062
2021-06-30,2.534192
2021-07-01,2.390774
2021-07-02,2.403303
2021-07-03,2.467592
2021-07-04,2.53835
2021-07-05,2.509724
2021-07-06,2.836763
2021-07-07,2.759161
2021-07-08,2.515316
2021-07-09,2.592841
2021-07-10,2.496497
2021-07-11,2.521551
2021-07-12,2.430794
2021-07-13,2.308724
2021-07-14,2.295109
2021-07-15,2.137645
2021-07-16,1.968362
2021-07-17,2.011519
2021-07-18,2.039921
2021-07-19,1.813544
2021-07-20,1.722354
2021-07-21,1.827305
2021-07-22,2.064307
2021-07-23,2.109192
2021-07-24,2.046462
2021-07-25,2.054427
2021-07-26,2.130862
2021-07-27,2.20062
2021-07-28,2.17951
2021-07-29,2.250476
2021-07-30,2.311083
2021-07-31,2.396717
2021-08-01,2.326251
2021-08-02,2.318811
2021-08-03,2.233789
2021-08-04,2.347565
2021-08-05,2.40944
2021-08-06,2.511561
2021-08-07,2.71464
2021-08-08,2.485504
2021-08-09,2.768621
2021-08-10,2.798998
2021-08-11,2.958432
2021-08-12,2.798523
2021-08-13,3.063317
2021-08-14,3.041949
2021-08-15,3.053078
2021-08-16,3.043885
2021-08-17,3.045313
2021-08-18,3.157348
2021-08-19,3.386902
2021-08-20,3.442703
2021-08-21,3.365417
2021-08-22,3.375628
2021-08-23,3.404947
2021-08-24,3.082039
2021-08-25,3.173728
2021-08-26,2.963941
2021-08-27,3.210463
2021-08-28,3.291091
2021-08-29,3.161408
2021-08-30,3.018413
2021-08-31,3.062175
2021-09-01,3.358504
2021-09-02,3.362713
2021-09-03,3.576772
2021-09-04,3.699045
2021-09-05,3.828871
2021-09-06,3.721858
2021-09-07,2.939271
2021-09-08,2.916565
2021-09-09,3.033158
2021-09-10,2.875417
2021-09-11,2.908114
2021-09-12,2.992366
2021-09-13,2.853317
2021-09-14,3.073454
2021-09-15,3.293164
2021-09-16,3.340202
2021-09-17,3.104737
2021-09-18,3.128215
2021-09-19,2.970895
2021-09-20,2.570742
2021-09-21,2.303854
2021-09-22,2.617629
2021-09-23,2.77908
2021-09-24,2.545228
2021-09-25,2.505318
2021-09-26,2.681673
2021-09-27,2.521022
2021-09-28,2.375269
2021-09-29,2.502943
2021-09-30,2.55219
2021-10-01,2.919038
2021-10-02,3.05945
2021-10-03,3.081772
2021-10-04,3.167323
2021-10-05,3.275501
2021-10-06,3.124157
2021-10-07,3.137931
2021-10-08,3.157618
2021-10-09,3.19998
2021-10-10,2.962632
2021-10-11,2.903181
2021-10-12,2.892117
2021-10-13,2.963764
2021-10-14,3.354556
2021-10-15,3.253368
2021-10-16,3.223304
2021-10-17,3.502597
2021-10-18,3.442756
2021-10-19,3.741046
2021-10-20,4.207565
2021-10-21,4.141922
2021-10-22,4.046376
2021-10-23,4.012525
2021-10-24,3.83518
2021-10-25,4.053224
2021-10-26,3.948587
2021-10-27,5.615125
2021-10-28,5.153367
2021-10-29,5.042822
2021-10-30,4.69429
2021-10-31,4.588488
2021-11-01,4.576683
2021-11-02,4.629742
2021-11-03,4.422394
2021-11-04,4.530948
2021-11-05,4.415151
2021-11-06,4.42618
2021-11-07,4.575942
2021-11-08,4.607618
2021-11-09,4.457059
2021-11-10,4.070829
2021-11-11,4.301823
2021-11-12,4.172681
2021-11-13,4.282594
2021-11-14,4.27567
2021-11-15,4.205708
2021-11-16,3.871246
2021-11-17,3.934998
2021-11-18,3.548781
2021-11-19,3.919758
2021-11-20,3.997311
2021-11-21,4.023587
2021-11-22,3.819826
2021-11-23,4.044489
2021-11-24,3.993853
2021-11-25,4.2199
2021-11-26,3.668319
2021-11-27,3.691984
2021-11-28,3.648065
2021-11-29,3.757475
2021-11-30,3.546867
2021-12-01,3.690302
2021-12-02,3.472883
2021-12-03,3.144835
2021-12-04,2.659693
2021-12-05,2.624268
2021-12-06,2.666336
2021-12-07,2.674314
2021-12-08,2.72468
2021-12-09,2.511098
2021-12-10,2.486625
2021-12-11,2.581211
2021-12-12,2.54355
2021-12-13,2.403932
2021-12-14,2.547133
2021-12-15,2.547441
2021-12-16,2.586251
2021-12-17,2.455827
2021-12-18,2.473516
2021-12-19,2.436688
2021-12-20,2.409236
2021-12-21,2.446559
2021-12-22,2.482684
2021-12-23,2.79246
2021-12-24,2.752515
2021-12-25,2.742024
2021-12-26,2.763105
2021-12-27,2.799895
2021-12-28,2.554131
2021-12-29,2.403654
2021-12-30,2.467605
2021-12-31,2.394582
2022-01-01,2.535983
2022-01-02,2.555689
2022-01-03,2.564295
2022-01-04,2.491738
2022-01-05,2.338253
2022-01-06,2.346283
2022-01-07,2.179932
2022-01-08,2.126502
2022-01-09,2.155729
2022-01-10,2.078401
2022-01-11,2.148976
2022-01-12,2.248295
2022-01-13,2.346497
2022-01-14,2.365094
2022-01-15,2.386517
2022-01-16,2.433042
2022-01-17,2.246519
2022-01-18,2.192094
2022-01-19,2.094148
2022-01-20,2.042935
2022-01-21,1.831483
2022-01-22,1.611055
2022-01-23,1.687406
2022-01-24,1.586587
2022-01-25,1.597249
2022-01-26,1.622734
2022-01-27,1.592649
2022-01-28,1.650834
2022-01-29,1.714464
2022-01-30,1.661328
2022-01-31,1.687805
2022-02-01,1.708706
2022-02-02,1.62487
2022-02-03,1.652424
2022-02-04,1.761711
2022-02-05,1.791908
2022-02-06,1.862538
2022-02-07,1.940003
2022-02-08,1.862147
2022-02-09,1.929625
2022-02-10,1.80283
2022-02-11,1.710696
2022-02-12,1.68483
2022-02-13,1.665129
2022-02-14,1.702698
2022-02-15,1.796169
2022-02-16,1.813354
2022-02-17,1.657933
2022-02-18,1.58861
2022-02-19,1.588246
2022-02-20,1.494516
2022-02-21,1.365854
2022-02-22,1.422121
2022-02-23,1.394593
2022-02-24,1.336778
2022-02-25,1.461681
2022-02-26,1.43033
2022-02-27,1.387046
2022-02-28,1.502325
2022-03-01,1.518543
2022-03-02,1.494229
2022-03-03,1.439356
2022-03-04,1.34477
2022-03-05,1.358666
2022-03-06,1.303561
2022-03-07,1.2744
2022-03-08,1.290895
2022-03-09,1.374243
2022-03-10,1.371718
2022-03-11,1.321634
2022-03-12,1.336367
2022-03-13,1.311257
2022-03-14,1.331066
2022-03-15,1.351685
2022-03-16,1.51178
2022-03-17,1.481445
2022-03-18,1.590331
2022-03-19,1.633639
2022-03-20,1.554751
2022-03-21,1.53301
2022-03-22,1.548259
2022-03-23,1.610609
2022-03-24,1.628035
2022-03-25,1.57347
2022-03-26,1.628376
2022-03-27,1.749687
2022-03-28,1.721695
2022-03-29,1.792424
2022-03-30,1.843056
2022-03-31,1.775956
2022-04-01,1.880853
2022-04-02,1.921036
2022-04-03,1.973623
2022-04-04,1.896547
2022-04-05,1.837879
2022-04-06,1.616677
2022-04-07,1.660547
2022-04-08,1.578876
2022-04-09,1.666165
2022-04-10,1.592709
2022-04-11,1.456721
2022-04-12,1.518056
2022-04-13,1.551715
2022-04-14,1.514764
2022-04-15,1.519616
2022-04-16,1.514903
2022-04-17,1.463982
2022-04-18,1.495824
2022-04-19,1.540088
2022-04-20,1.540694
2022-04-21,1.49146
2022-04-22,1.475482
2022-04-23,1.446346
2022-04-24,1.418094
2022-04-25,1.416275
2022-04-26,1.286003
2022-04-27,1.32204
2022-04-28,1.302409
2022-04-29,1.259407
2022-04-30,1.126345
2022-05-01,1.160784
2022-05-02,1.176306
2022-05-03,1.170414
2022-05-04,1.286305
2022-05-05,1.289316
2022-05-06,1.364821
2022-05-07,1.304663
2022-05-08,1.298245
2022-05-09,1.033727
2022-05-10,1.04334
2022-05-11,1.023068
2022-05-12,0.809816
2022-05-13,0.917845
2022-05-14,0.94411
2022-05-15,0.977546
2022-05-16,0.919801
2022-05-17,0.961721
2022-05-18,0.905212
2022-05-19,0.932467
2022-05-20,0.91852
2022-05-21,0.963862
2022-05-22,0.999018
2022-05-23,0.953046
2022-05-24,0.994063
2022-05-25,0.96923
2022-05-26,0.917874
2022-05-27,0.896363
2022-05-28,0.918451
2022-05-29,0.921426
2022-05-30,1.004671
2022-05-31,0.968705
2022-06-01,0.953288
2022-06-02,0.930719
2022-06-03,0.873121
2022-06-04,0.869282
2022-06-05,0.859153
2022-06-06,0.873537
2022-06-07,0.849643
2022-06-08,0.818066
2022-06-09,0.801307
2022-06-10,0.759312
2022-06-11,0.693838
2022-06-12,0.652231
2022-06-13,0.598738
2022-06-14,0.593835
2022-06-15,0.628309
2022-06-16,0.577521
2022-06-17,0.589777
2022-06-18,0.553042
2022-06-19,0.578763
2022-06-20,0.689298
2022-06-21,0.688411
2022-06-22,0.687456
2022-06-23,0.713134
2022-06-24,0.760372
2022-06-25,0.728887
2022-06-26,0.697056
2022-06-27,0.673717
2022-06-28,0.741952
2022-06-29,0.705958
2022-06-30,0.699585
2022-07-01,0.655869
2022-07-02,0.63778
2022-07-03,0.627848
2022-07-04,0.638955
2022-07-05,0.62343
2022-07-06,0.626774
2022-07-07,0.647025
2022-07-08,0.697126
2022-07-09,0.692199
2022-07-10,0.641035
2022-07-11,0.593785
2022-07-12,0.5643
2022-07-13,0.596125
2022-07-14,0.618408
2022-07-15,0.653299
2022-07-16,0.666684
2022-07-17,0.648487
2022-07-18,0.719127
2022-07-19,0.737139
2022-07-20,0.678428
2022-07-21,0.686875
2022-07-22,0.663487
2022-07-23,0.682549
2022-07-24,0.67746
2022-07-25,0.625519
2022-07-26,0.635008
2022-07-27,0.695402
2022-07-28,0.771986
2022-07-29,0.765417
2022-07-30,0.765247
2022-07-31,0.767371
2022-08-01,0.770665
2022-08-02,0.747708
2022-08-03,0.769145
2022-08-04,0.804343
2022-08-05,0.832151
2022-08-06,0.811258
2022-08-07,0.807685
2022-08-08,0.837592
2022-08-09,0.814084
2022-08-10,0.882753
2022-08-11,0.866789
2022-08-12,0.882485
2022-08-13,0.87541
2022-08-14,0.841435
2022-08-15,0.822957
2022-08-16,0.820331
2022-08-17,0.773625
2022-08-18,0.736172
2022-08-19,0.680116
2022-08-20,0.675745
2022-08-21,0.70469
2022-08-22,0.701148
2022-08-23,0.727526
2022-08-24,0.723789
2022-08-25,0.746575
2022-08-26,0.662895
2022-08-27,0.656997
2022-08-28,0.637804
2022-08-29,0.674119
2022-08-30,0.652762
2022-08-31,0.666904
2022-09-01,0.670153
2022-09-02,0.716147
2022-09-03,0.689437
2022-09-04,0.672971
2022-09-05,0.664697
2022-09-06,0.610262
2022-09-07,0.633238
2022-09-08,0.641357
2022-09-09,0.656756
2022-09-10,0.662018
2022-09-11,0.65012
2022-09-12,0.652915
2022-09-13,0.612029
2022-09-14,0.640046
2022-09-15,0.594487
2022-09-16,0.617327
2022-09-17,0.629831
2022-09-18,0.573126
2022-09-19,0.598209
2022-09-20,0.601469
2022-09-21,0.566693
2022-09-22,0.594098
2022-09-23,0.6092
2022-09-24,0.607924
2022-09-25,0.60292
2022-09-26,0.624252
2022-09-27,0.610647
2022-09-28,0.587608
2022-09-29,0.585234
2022-09-30,0.577728
2022-10-01,0.573968
2022-10-02,0.555989
2022-10-03,0.574779
2022-10-04,0.585282
2022-10-05,0.584328
2022-10-06,0.574058
2022-10-07,0.6175
2022-10-08,0.600593
2022-10-09,0.607348
2022-10-10,0.576861
2022-10-11,0.562373
2022-10-12,0.570731
2022-10-13,0.563834
2022-10-14,0.560544
2022-10-15,0.561913
2022-10-16,0.568742
2022-10-17,0.576664
2022-10-18,0.572433
2022-10-19,0.566037
2022-10-20,0.562825
2022-10-21,0.569373
2022-10-22,0.570837
2022-10-23,0.580879
2022-10-24,0.566065
2022-10-25,0.583476
2022-10-26,0.61048
2022-10-27,0.597068
2022-10-28,0.614442
2022-10-29,0.622222
2022-10-30,0.612968
2022-10-31,0.611161
2022-11-01,0.608006
2022-11-02,0.590194
2022-11-03,0.607739
2022-11-04,0.649871
2022-11-05,0.644955
2022-11-06,0.635074
2022-11-07,0.636068
2022-11-08,0.557808
2022-11-09,0.522851
2022-11-10,0.577529
2022-11-11,0.565372
2022-11-12,0.510863
2022-11-13,0.52583
2022-11-14,0.516719
2022-11-15,0.533354
2022-11-16,0.526686
2022-11-17,0.515741
2022-11-18,0.529337
2022-11-19,0.540024
2022-11-20,0.508684
2022-11-21,0.506219
2022-11-22,0.537963
2022-11-23,0.544834
2022-11-24,0.528548
2022-11-25,0.517991
2022-11-26,0.519267
2022-11-27,0.525055
2022-11-28,0.519793
2022-11-29,0.520795
2022-11-30,0.531298
2022-12-01,0.512787
2022-12-02,0.50577
2022-12-03,0.489838
2022-12-04,0.500704
2022-12-05,0.485993
2022-12-06,0.476406
2022-12-07,0.445145
2022-12-08,0.448937
2022-12-09,0.442781
2022-12-10,0.445748
2022-12-11,0.438298
2022-12-12,0.432544
2022-12-13,0.441678
2022-12-14,0.432626
2022-12-15,0.424569
2022-12-16,0.383564
2022-12-17,0.391219
2022-12-18,0.393084
2022-12-19,0.383178
2022-12-20,0.405116
2022-12-21,0.399066
2022-12-22,0.398081
2022-12-23,0.398705
2022-12-24,0.400172
2022-12-25,0.399946
2022-12-26,0.405973
2022-12-27,0.400948
2022-12-28,0.384694
2022-12-29,0.382966
2022-12-30,0.378176
2022-12-31,0.384095
2023-01-01,0.386338
2023-01-02,0.39644
2023-01-03,0.38737
2023-01-04,0.396025
2023-01-05,0.389467
2023-01-06,0.397673
2023-01-07,0.398266
2023-01-08,0.408986
2023-01-09,0.4226
2023-01-10,0.433431
2023-01-11,0.436281
2023-01-12,0.45195
2023-01-13,0.464893
2023-01-14,0.47992
2023-01-15,0.498175
2023-01-16,0.488075
2023-01-17,0.480457
2023-01-18,0.447356
2023-01-19,0.464905
2023-01-20,0.490264
2023-01-21,0.503964
2023-01-22,0.515531
2023-01-23,0.538365
2023-01-24,0.509205
2023-01-25,0.536892
2023-01-26,0.530609
2023-01-27,0.53519
2023-01-28,0.528352
2023-01-29,0.542194
2023-01-30,0.509494
2023-01-31,0.515414
2023-02-01,0.528208
2023-02-02,0.542335
2023-02-03,0.565736
2023-02-04,0.583644
2023-02-05,0.563383
2023-02-06,0.557382
2023-02-07,0.587165
2023-02-08,0.565197
2023-02-09,0.527009
2023-02-10,0.531385
2023-02-11,0.542666
2023-02-12,0.531867
2023-02-13,0.530384
2023-02-14,0.541678
2023-02-15,0.56724
2023-02-16,0.544504
2023-02-17,0.567239
2023-02-18,0.574576
2023-02-19,0.573256
2023-02-20,0.610975
2023-02-21,0.687005
2023-02-22,0.643211
2023-02-23,0.621255
2023-02-24,0.600913
2023-02-25,0.582563
2023-02-26,0.58341
2023-02-27,0.579934
2023-02-28,0.574287
2023-03-01,0.588103
2023-03-02,0.56646
2023-03-03,0.531064
2023-03-04,0.520029
2023-03-05,0.516831
2023-03-06,0.529658
2023-03-07,0.510722
2023-03-08,0.473893
2023-03-09,0.440726
2023-03-10,0.449915
2023-03-11,0.439376
2023-03-12,0.47624
2023-03-13,0.500948
2023-03-14,0.528169
2023-03-15,0.492775
2023-03-16,0.497993
2023-03-17,0.528446
2023-03-18,0.523649
2023-03-19,0.557425
2023-03-20,0.52603
2023-03-21,0.539679
2023-03-22,0.511043
2023-03-23,0.522653
2023-03-24,0.508948
2023-03-25,0.504217
2023-03-26,0.515009
2023-03-27,0.491384
2023-03-28,0.498756
2023-03-29,0.519335
2023-03-30,0.576912
2023-03-31,0.561487
2023-04-01,0.54143
2023-04-02,0.522549
2023-04-03,0.51601
2023-04-04,0.540916
2023-04-05,0.539292
2023-04-06,0.538585
2023-04-07,0.529272
2023-04-08,0.530922
2023-04-09,0.533898
2023-04-10,0.547204
2023-04-11,0.545875
2023-04-12,0.536813
2023-04-13,0.551602
2023-04-14,0.565255
2023-04-15,0.567075
2023-04-16,0.575097
2023-04-17,0.557928
2023-04-18,0.56967
2023-04-19,0.51078
2023-04-20,0.511786
2023-04-21,0.492856
2023-04-22,0.510153
2023-04-23,0.49624
2023-04-24,0.48776
2023-04-25,0.49575
2023-04-26,0.479944
2023-04-27,0.490265
2023-04-28,0.483056
2023-04-29,0.494743
2023-04-30,0.475536
2023-05-01,0.455994
2023-05-02,0.459542
2023-05-03,0.457666
2023-05-04,0.453221
2023-05-05,0.465426
2023-05-06,0.448706
2023-05-07,0.449683
2023-05-08,0.407697
2023-05-09,0.415562
2023-05-10,0.424244
2023-05-11,0.410392
2023-05-12,0.415188
2023-05-13,0.411448
2023-05-14,0.414335
2023-05-15,0.416371
2023-05-16,0.416265
2023-05-17,0.415434
2023-05-18,0.403175
2023-05-19,0.40281
2023-05-20,0.404439
2023-05-21,0.398139
2023-05-22,0.399427
2023-05-23,0.403292
2023-05-24,0.391078
2023-05-25,0.394026
2023-05-26,0.395795
2023-05-27,0.397654
2023-05-28,0.405546
2023-05-29,0.394479
2023-05-30,0.394792
2023-05-31,0.381976
2023-06-01,0.37031
2023-06-02,0.382296
2023-06-03,0.373158
2023-06-04,0.373586
2023-06-05,0.3296
2023-06-06,0.335949
2023-06-07,0.315365
2023-06-08,0.323205
2023-06-09,0.323984
2023-06-10,0.274529
2023-06-11,0.269515
2023-06-12,0.27118
2023-06-13,0.268187
2023-06-14,0.262743
2023-06-15,0.261791
2023-06-16,0.275367
2023-06-17,0.276546
2023-06-18,0.274909
2023-06-19,0.276409
2023-06-20,0.292768
2023-06-21,0.309547
2023-06-22,0.304983
2023-06-23,0.317802
2023-06-24,0.326312
2023-06-25,0.328499
2023-06-26,0.319709
2023-06-27,0.318604
2023-06-28,0.299169
2023-06-29,0.309204
2023-06-30,0.317294
2023-07-01,0.332498
2023-07-02,0.324862
2023-07-03,0.341376
2023-07-04,0.327107
2023-07-05,0.314292
2023-07-06,0.303345
2023-07-07,0.308485
2023-07-08,0.305904
2023-07-09,0.303436
2023-07-10,0.305045
2023-07-11,0.314059
2023-07-12,0.32497
2023-07-13,0.349697
2023-07-14,0.334285
2023-07-15,0.369006
2023-07-16,0.433129
2023-07-17,0.406306
2023-07-18,0.359467
2023-07-19,0.335589
2023-07-20,0.32866
2023-07-21,0.336442
2023-07-22,0.327184
2023-07-23,0.327297
2023-07-24,0.304723
2023-07-25,0.302376
2023-07-26,0.304473
2023-07-27,0.304546
2023-07-28,0.309759
2023-07-29,0.315959
2023-07-30,0.311895
2023-07-31,0.314877
2023-08-01,0.319534
2023-08-02,0.315223
2023-08-03,0.31155
2023-08-04,0.305242
2023-08-05,0.304941
2023-08-06,0.304755
2023-08-07,0.304576
2023-08-08,0.306893
2023-08-09,0.306492
2023-08-10,0.30695
2023-08-11,0.307947
2023-08-12,0.306258
2023-08-13,0.307509
2023-08-14,0.310389
2023-08-15,0.286299
2023-08-16,0.265826
2023-08-17,0.235338
2023-08-18,0.241819
2023-08-19,0.248692
2023-08-20,0.249949
2023-08-21,0.243476
2023-08-22,0.244418
2023-08-23,0.252088
2023-08-24,0.251042
2023-08-25,0.246726
2023-08-26,0.24267
2023-08-27,0.247727
2023-08-28,0.248388
2023-08-29,0.258465
2023-08-30,0.257016
2023-08-31,0.244686
2023-09-01,0.23529
2023-09-02,0.233654
2023-09-03,0.234867
2023-09-04,0.236015
2023-09-05,0.244089
2023-09-06,0.246687
2023-09-07,0.247971
2023-09-08,0.245489
2023-09-09,0.245587
2023-09-10,0.2395
2023-09-11,0.223639
2023-09-12,0.228041
2023-09-13,0.234515
2023-09-14,0.243153
2023-09-15,0.255189
2023-09-16,0.256616
2023-09-17,0.247539
2023-09-18,0.249011
2023-09-19,0.252187
2023-09-20,0.251014
2023-09-21,0.258827
2023-09-22,0.262293
2023-09-23,0.262822
2023-09-24,0.254849
2023-09-25,0.265266
2023-09-26,0.266859
2023-09-27,0.261302
2023-09-28,0.269122
2023-09-29,0.267113
2023-09-30,0.269917
2023-10-01,0.276994
2023-10-02,0.26855
2023-10-03,0.259188
2023-10-04,0.256336
2023-10-05,0.250553
2023-10-06,0.257753
2023-10-07,0.255759
2023-10-08,0.259051
2023-10-09,0.247082
2023-10-10,0.239544
2023-10-11,0.23969
2023-10-12,0.239685
2023-10-13,0.242124
2023-10-14,0.244988
2023-10-15,0.244871
2023-10-16,0.252085
2023-10-17,0.254516
2023-10-18,0.249637
2023-10-19,0.243957
2023-10-20,0.253579
2023-10-21,0.262969
2023-10-22,0.270012
2023-10-23,0.277857
2023-10-24,0.285417
2023-10-25,0.286999
2023-10-26,0.285499
2023-10-27,0.280436
2023-10-28,0.286971
2023-10-29,0.295651
2023-10-30,0.297644
2023-10-31,0.293506
2023-11-01,0.313265
2023-11-02,0.308527
2023-11-03,0.311037
2023-11-04,0.315717
2023-11-05,0.330828
2023-11-06,0.358352
2023-11-07,0.346626
2023-11-08,0.367891
2023-11-09,0.373296
2023-11-10,0.384059
2023-11-11,0.38575
2023-11-12,0.381663
2023-11-13,0.358278
2023-11-14,0.349677
2023-11-15,0.37132
2023-11-16,0.356434
2023-11-17,0.354041
2023-11-18,0.350663
2023-11-19,0.3658
2023-11-20,0.356098
2023-11-21,0.326272
2023-11-22,0.352687
2023-11-23,0.358578
2023-11-24,0.358216
2023-11-25,0.370455
2023-11-26,0.355181
2023-11-27,0.343751
2023-11-28,0.342631
2023-11-29,0.341082
2023-11-30,0.340959
2023-12-01,0.350516
2023-12-02,0.357423
2023-12-03,0.354952
2023-12-04,0.366098
2023-12-05,0.374704
2023-12-06,0.373491
2023-12-07,0.386855
2023-12-08,0.410905
2023-12-09,0.403658
2023-12-10,0.401469
2023-12-11,0.363214
2023-12-12,0.370176
2023-12-13,0.37421
2023-12-14,0.382107
2023-12-15,0.362385
2023-12-16,0.376479
2023-12-17,0.365856
2023-12-18,0.360703
2023-12-19,0.355734
2023-12-20,0.370458
2023-12-21,0.391595
2023-12-22,0.409923
2023-12-23,0.419566
2023-12-24,0.420552
2023-12-25,0.450364
2023-12-26,0.456802
2023-12-27,0.44736
2023-12-28,0.42883
2023-12-29,0.431775
2023-12-30,0.42038
2023-12-31,0.427375
2024-01-01,0.488111
2024-01-02,0.472657
2024-01-03,0.423047
2024-01-04,0.456477
2024-01-05,0.482306
2024-01-06,0.46523
2024-01-07,0.419861
2024-01-08,0.440359
2024-01-09,0.412058
2024-01-10,0.454834
2024-01-11,0.517557
2024-01-12,0.479744
2024-01-13,0.489894
2024-01-14,0.46019
2024-01-15,0.463792
2024-01-16,0.47441
2024-01-17,0.456526
2024-01-18,0.424598
2024-01-19,0.41512
2024-01-20,0.424066
2024-01-21,0.418298
2024-01-22,0.380816
2024-01-23,0.37213
2024-01-24,0.382024
2024-01-25,0.377753
2024-01-26,0.393568
2024-01-27,0.399691
2024-01-28,0.38528
2024-01-29,0.410992
2024-01-30,0.41041
2024-01-31,0.391136
2024-02-01,0.382349
2024-02-02,0.410081
2024-02-03,0.409812
2024-02-04,0.389604
2024-02-05,0.393998
2024-02-06,0.390968
2024-02-07,0.409705
2024-02-08,0.40806
2024-02-09,0.427788
2024-02-10,0.420152
2024-02-11,0.419628
2024-02-12,0.434649
2024-02-13,0.433637
2024-02-14,0.448728
2024-02-15,0.452008
2024-02-16,0.453076
2024-02-17,0.442636
2024-02-18,0.452001
2024-02-19,0.462283
2024-02-20,0.44654
2024-02-21,0.43528
2024-02-22,0.442598
2024-02-23,0.47164
2024-02-24,0.494792
2024-02-25,0.495951
2024-02-26,0.495826
2024-02-27,0.487825
2024-02-28,0.50087
2024-02-29,0.509533
2024-03-01,0.550641
2024-03-02,0.582101
2024-03-03,0.588064
2024-03-04,0.59033
2024-03-05,0.543421
2024-03-06,0.630599
2024-03-07,0.631345
2024-03-08,0.607763
2024-03-09,0.624856
2024-03-10,0.641002
2024-03-11,0.661183
2024-03-12,0.65732
2024-03-13,0.682869
2024-03-14,0.655435
2024-03-15,0.615266
2024-03-16,0.562672
2024-03-17,0.588547
2024-03-18,0.556123
2024-03-19,0.500387
2024-03-20,0.550056
2024-03-21,0.555154
2024-03-22,0.537818
2024-03-23,0.54584
2024-03-24,0.566499
2024-03-25,0.590842
2024-03-26,0.606997
2024-03-27,0.583122
2024-03-28,0.603394
2024-03-29,0.598631
2024-03-30,0.60681
2024-03-31,0.618622
2024-04-01,0.598879
2024-04-02,0.541625
2024-04-03,0.537638
2024-04-04,0.54941
2024-04-05,0.54328
2024-04-06,0.545268
2024-04-07,0.567529
2024-04-08,0.611973
2024-04-09,0.577072
2024-04-10,0.565069
2024-04-11,0.552387
2024-04-12,0.474628
2024-04-13,0.392665
2024-04-14,0.418637
2024-04-15,0.401163
2024-04-16,0.399029
2024-04-17,0.38089
2024-04-18,0.406904
2024-04-19,0.415999
2024-04-20,0.442259
2024-04-21,0.428348
2024-04-22,0.439401
2024-04-23,0.442531
2024-04-24,0.434768
2024-04-25,0.433344
2024-04-26,0.428059
2024-04-27,0.439636
2024-04-28,0.425544
2024-04-29,0.421643
2024-04-30,0.39408
2024-05-01,0.368376
2024-05-02,0.369444
2024-05-03,0.383098
2024-05-04,0.388209
2024-05-05,0.391287
2024-05-06,0.380261
2024-05-07,0.370359
2024-05-08,0.367508
2024-05-09,0.380789
2024-05-10,0.361315
2024-05-11,0.36166
2024-05-12,0.359687
2024-05-13,0.363847
2024-05-14,0.354651
2024-05-15,0.373767
2024-05-16,0.381528
2024-05-17,0.396395
2024-05-18,0.39755
2024-05-19,0.379477
2024-05-20,0.41866
2024-05-21,0.427794
2024-05-22,0.413369
2024-05-23,0.40748
2024-05-24,0.423535
2024-05-25,0.429363
2024-05-26,0.417609
2024-05-27,0.425605
2024-05-28,0.459293
2024-05-29,0.492544
2024-05-30,0.50647
2024-05-31,0.484084
2024-06-01,0.48443
2024-06-02,0.468928
2024-06-03,0.462734
2024-06-04,0.481327
2024-06-05,0.481751
2024-06-06,0.482449
2024-06-07,0.460463
2024-06-08,0.451262
2024-06-09,0.44287
2024-06-10,0.433253
2024-06-11,0.40786
2024-06-12,0.423786
2024-06-13,0.413252
2024-06-14,0.404567
2024-06-15,0.413396
2024-06-16,0.419703
2024-06-17,0.409422
2024-06-18,0.402521
2024-06-19,0.446515
2024-06-20,0.425774
2024-06-21,0.401456
2024-06-22,0.409284
2024-06-23,0.387892
2024-06-24,0.396582
2024-06-25,0.398654
2024-06-26,0.389485
2024-06-27,0.398444
2024-06-28,0.392477
2024-06-29,0.383344
2024-06-30,0.399682
2024-07-01,0.389735
2024-07-02,0.397851
2024-07-03,0.376774
2024-07-04,0.347193
2024-07-05,0.360208
2024-07-06,0.393223
2024-07-07,0.370188
2024-07-08,0.395591
2024-07-09,0.40679
2024-07-10,0.410756
2024-07-11,0.409695
2024-07-12,0.407305
2024-07-13,0.414791
2024-07-14,0.424114
2024-07-15,0.432731
2024-07-16,0.423809
2024-07-17,0.427101
2024-07-18,0.411238
2024-07-19,0.422886
2024-07-20,0.423875
2024-07-21,0.431727
2024-07-22,0.418041
2024-07-23,0.400269
2024-07-24,0.378048
2024-07-25,0.361522
2024-07-26,0.369669
2024-07-27,0.370583
2024-07-28,0.364141
2024-07-29,0.369036
2024-07-30,0.352126
2024-07-31,0.340936
2024-08-01,0.344888
2024-08-02,0.318498
2024-08-03,0.300101
2024-08-04,0.283355
2024-08-05,0.252962
2024-08-06,0.260705
2024-08-07,0.250146
2024-08-08,0.278129
2024-08-09,0.275332
2024-08-10,0.27614
2024-08-11,0.255499
2024-08-12,0.261342
2024-08-13,0.267442
2024-08-14,0.257492
2024-08-15,0.247598
2024-08-16,0.242048
2024-08-17,0.243089
2024-08-18,0.241538
2024-08-19,0.252064
2024-08-20,0.260653
2024-08-21,0.265459
2024-08-22,0.265936
2024-08-23,0.281999
2024-08-24,0.28322
2024-08-25,0.272057
2024-08-26,0.257261
2024-08-27,0.239968
2024-08-28,0.24474
2024-08-29,0.247576
2024-08-30,0.246
2024-08-31,0.238597
2024-09-01,0.225826
2024-09-02,0.234438
2024-09-03,0.222213
2024-09-04,0.276591
2024-09-05,0.255031
2024-09-06,0.257906
2024-09-07,0.251353
2024-09-08,0.250121
2024-09-09,0.263185
2024-09-10,0.260453
2024-09-11,0.247335
2024-09-12,0.256977
2024-09-13,0.26732
2024-09-14,0.26224
2024-09-15,0.246188
2024-09-16,0.235935
2024-09-17,0.239568
2024-09-18,0.252534
2024-09-19,0.269039
2024-09-20,0.277821
2024-09-21,0.289855
2024-09-22,0.276026
2024-09-23,0.283085
2024-09-24,0.292509
2024-09-25,0.293664
2024-09-26,0.303197
2024-09-27,0.311165
2024-09-28,0.302155
2024-09-29,0.298043
2024-09-30,0.278277
2024-10-01,0.256906
2024-10-02,0.251615
2024-10-03,0.246172
2024-10-04,0.257682
2024-10-05,0.25669
2024-10-06,0.262635
2024-10-07,0.260193
2024-10-08,0.252923
2024-10-09,0.248923
2024-10-10,0.247341
2024-10-11,0.258094
2024-10-12,0.259822
2024-10-13,0.256296
2024-10-14,0.271396
2024-10-15,0.276591
2024-10-16,0.269963
2024-10-17,0.262356
2024-10-18,0.270723
2024-10-19,0.272279
2024-10-20,0.290514
2024-10-21,0.278537
2024-10-22,0.274594
2024-10-23,0.264797
2024-10-24,0.274499
2024-10-25,0.247439
2024-10-26,0.250401
2024-10-27,0.2571
2024-10-28,0.258418
2024-10-29,0.263912
2024-10-30,0.260013
2024-10-31,0.245837
2024-11-01,0.243663
2024-11-02,0.240253
2024-11-03,0.231264
2024-11-04,0.227539
2024-11-05,0.235792
2024-11-06,0.263163
2024-11-07,0.263052
2024-11-08,0.266567
2024-11-09,0.27546
2024-11-10,0.287468
2024-11-11,0.30733
2024-11-12,0.307339
2024-11-13,0.289097
2024-11-14,0.273796
2024-11-15,0.287818
2024-11-16,0.316936
2024-11-17,0.300372
2024-11-18,0.333372
2024-11-19,0.337103
2024-11-20,0.321145
2024-11-21,0.336585
2024-11-22,0.352541
2024-11-23,0.376363
2024-11-24,0.395274
2024-11-25,0.382483
2024-11-26,0.38854
2024-11-27,0.430298
2024-11-28,0.416864
2024-11-29,0.428439
2024-11-30,0.445859
2024-12-01,0.444975
2024-12-02,0.489222
2024-12-03,0.51092
2024-12-04,0.522208
2024-12-05,0.512699
2024-12-06,0.546803
2024-12-07,0.533601
2024-12-08,0.62451
2024-12-09,0.477634
2024-12-10,0.432777
2024-12-11,0.489898
2024-12-12,0.512537
2024-12-13,0.507394
2024-12-14,0.479358
2024-12-15,0.498582
2024-12-16,0.491111
2024-12-17,0.468618
2024-12-18,0.422538
2024-12-19,0.384636
2024-12-20,0.396879
2024-12-21,0.378805
2024-12-22,0.378315
2024-12-23,0.40191
2024-12-24,0.418241
2024-12-25,0.415951
2024-12-26,0.390879
2024-12-27,0.389267
2024-12-28,0.412472
2024-12-29,0.39249
2024-12-30,0.39187
2024-12-31,0.382919
2025-01-01,0.391879
2025-01-02,0.401823
2025-01-03,0.422456
2025-01-04,0.426618
2025-01-05,0.430735
2025-01-06,0.436878
2025-01-07,0.392122
2025-01-08,0.382739
2025-01-09,0.385772
2025-01-10,0.391862
2025-01-11,0.385411
2025-01-12,0.377866
2025-01-13,0.363857
2025-01-14,0.374612
2025-01-15,0.391106
2025-01-16,0.380835
2025-01-17,0.398744
2025-01-18,0.372874
2025-01-19,0.335552
2025-01-20,0.338748
2025-01-21,0.348113
2025-01-22,0.327064
2025-01-23,0.317425
2025-01-24,0.305595
2025-01-25,0.312796
2025-01-26,0.311274
2025-01-27,0.306449
2025-01-28,0.296046
2025-01-29,0.300342
2025-01-30,0.312916
2025-01-31,0.310796
2025-02-01,0.295397
2025-02-02,0.265811
2025-02-03,0.274295
2025-02-04,0.261673
2025-02-05,0.258795
2025-02-06,0.253055
2025-02-07,0.251322
2025-02-08,0.259225
2025-02-09,0.259468
2025-02-10,0.265963
2025-02-11,0.263834
2025-02-12,0.273835
2025-02-13,0.274019
2025-02-14,0.271374
2025-02-15,0.268089
2025-02-16,0.268876
2025-02-17,0.271131
2025-02-18,0.26548
2025-02-19,0.266387
2025-02-20,0.269581
2025-02-21,0.263554
2025-02-22,0.266766
2025-02-23,0.267492
2025-02-24,0.245427
2025-02-25,0.254443
2025-02-26,0.240743
2025-02-27,0.245866
2025-02-28,0.241042
2025-03-01,0.242668
2025-03-02,0.257425
2025-03-03,0.22467
2025-03-04,0.226647
2025-03-05,0.234229
2025-03-06,0.232596
2025-03-07,0.227278
2025-03-08,0.230494
2025-03-09,0.211836
2025-03-10,0.192684
2025-03-11,0.197026
2025-03-12,0.197519
2025-03-13,0.194635
2025-03-14,0.199547
2025-03-15,0.20531
2025-03-16,0.197501
2025-03-17,0.20534
2025-03-18,0.205742
2025-03-19,0.212875
2025-03-20,0.207524
2025-03-21,0.204595
2025-03-22,0.209266
2025-03-23,0.210947
2025-03-24,0.215644
2025-03-25,0.216973
2025-03-26,0.213388
2025-03-27,0.213283
2025-03-28,0.198633
2025-03-29,0.189847
2025-03-30,0.188643
2025-03-31,0.187511
2025-04-01,0.196985
2025-04-02,0.18314
2025-04-03,0.186125
2025-04-04,0.187732
2025-04-05,0.184921
2025-04-06,0.162938
2025-04-07,0.162142
2025-04-08,0.154013
2025-04-09,0.172696
2025-04-10,0.16647
2025-04-11,0.170955
2025-04-12,0.178295
2025-04-13,0.170896
2025-04-14,0.169696
2025-04-15,0.165025
2025-04-16,0.164143
2025-04-17,0.166332
2025-04-18,0.170736
2025-04-19,0.175534
2025-04-20,0.173859
2025-04-21,0.174092
2025-04-22,0.184871
2025-04-23,0.18964
2025-04-24,0.190836
2025-04-25,0.195203
2025-04-26,0.205178
2025-04-27,0.199401
2025-04-28,0.204416
2025-04-29,0.206098
2025-04-30,0.206458
2025-05-01,0.208813
2025-05-02,0.20943
2025-05-03,0.198708
2025-05-04,0.193104
2025-05-05,0.19531
2025-05-06,0.188689
2025-05-07,0.189839
2025-05-08,0.218974
2025-05-09,0.227953
2025-05-10,0.244062
2025-05-11,0.234068
2025-05-12,0.234954
2025-05-13,0.247654
2025-05-14,0.236227
2025-05-15,0.226835
2025-05-16,0.226698
2025-05-17,0.214404
2025-05-18,0.224003
2025-05-19,0.226086
2025-05-20,0.225337
2025-05-21,0.232218
2025-05-22,0.24125
2025-05-23,0.224311
2025-05-24,0.228329
2025-05-25,0.226028
2025-05-26,0.228406
2025-05-27,0.235384
2025-05-28,0.235139
2025-05-29,0.234644
2025-05-30,0.208395
2025-05-31,0.208755
2025-06-01,0.211813
2025-06-02,0.218302
2025-06-03,0.21721
2025-06-04,0.211335
2025-06-05,0.195251
2025-06-06,0.196577
2025-06-07,0.205553
2025-06-08,0.202904
2025-06-09,0.214608
2025-06-10,0.227266
2025-06-11,0.219405
2025-06-12,0.205537
2025-06-13,0.195429
2025-06-14,0.194868
2025-06-15,0.194597
2025-06-16,0.196751
2025-06-17,0.18967
2025-06-18,0.190607
2025-06-19,0.187025
2025-06-20,0.181252
2025-06-21,0.170839
2025-06-22,0.166531
2025-06-23,0.181731
2025-06-24,0.182785
2025-06-25,0.180119
2025-06-26,0.173993
2025-06-27,0.177527
2025-06-28,0.178962
2025-06-29,0.185337
2025-06-30,0.177913
2025-07-01,0.1677
2025-07-02,0.181032
2025-07-03,0.18156
2025-07-04,0.173139
2025-07-05,0.180024
2025-07-06,0.189198
2025-07-07,0.190826
2025-07-08,0.205837
2025-07-09,0.21258
2025-07-10,0.235302
2025-07-11,0.294867
2025-07-12,0.323368
2025-07-13,0.319994
2025-07-14,0.352995
2025-07-15,0.340261
2025-07-16,0.32786
2025-07-17,0.324619
2025-07-18,0.315949
2025-07-19,0.317998
2025-07-20,0.319593
2025-07-21,0.317267
2025-07-22,0.31211
2025-07-23,0.283436
2025-07-24,0.273551
2025-07-25,0.279607
2025-07-26,0.282473
2025-07-27,0.291052
2025-07-28,0.269891
2025-07-29,0.273423
2025-07-30,0.264596
2025-07-31,0.249569
2025-08-01,0.242131
2025-08-02,0.242728
2025-08-03,0.250924