date,Uniswap,Mantle (formerly: BitDAO),ENS DAO,Optimism,Arbitrum,GnosisDAO,ResearchHub Foundation,DeXe Protocol DAO,The Graph,Lido,SafeDAO,Aave,Golem Network,Olympus DAO,CoW Swap,Merit Circle,InSure DeFi,Ondo DAO,Qi DAO | Mai.Finance,Instadapp,Stargate Finance,UMA,Decentraland,MEOW DAO,Orbs,Euler Finance,Aragon,Morpho,Yield Guild Games (YGG),Decubate,dYdX,HairDAO,Mango DAO,Pangolin,0x Protocol,Convex,Across DAO,Origin,Compound Finance,Synthetix,Aevo (fka Ribbon Finance),Radicle,UXDProtocol,Yearn Finance,SushiSwap,Illuvium,JPEG'd,ChainGPT AI,BrainDAO (IQ),Space ID,Venus Protocol,Solend,PleasrDAO,DIMO,Galxe,Rhino.fi (formerly: deversi.fi),Ampera ($AMP),Kleros,Tokenlon 合约,API3,Angle Protocol,Silo Finance,Sperax DAO,Badger DAO,Goldfinch DAO,Gelato DAO,1inch,Nouns DAO,Threshold Network,Magpie,Gearbox,Frax Finance,SuperRare,Ampleforth,Hector Network,Sturdy Finance,VitaDAO,GitcoinDAO,Metaplex,Alchemix,Redacted Cartel,ParaSwap,ParagonsDAO,Global Coin Research,Lyra,Maverick Protocol,ShapeShift,HOPR DAO,CypherTrust DAO,Hydranet,Prom,Elysia Online DAO,Spool,Radiant Capital,Treasure,GMX,Thales Markets,Sarcophagus DAO,Botto,ApeCoin DAO,DXdao,BanklessDAO,Shutter DAO 0x36,Hop DAO
2022-12-01,-0.945681313053768,-0.7286149136313088,-0.9541439224285791,-0.6395097608917333,-1.0149671374688616,-0.7108475591914799,-0.7133757961783439,-0.3684494600892551,-0.9720356979117702,-1.1168266366709962,-0.8157493490484398,-0.7554030352989899,-0.565764736997044,-1.2221477827727065,-0.8606674814352616,-0.5875120409897984,-0.3223760251167535,-0.40081877633256324,-0.6693295037723273,-0.8957522188533993,-1.048040536036965,-0.4561821547462265,-1.5256015566430254,-0.2483402512471363,-0.3531032906137229,-0.6249109237877561,-1.0747308821319381,-1.5598300588630893,-0.4306014523846871,-0.5974380492399992,-0.35790686553115814,-0.902850197093,-1.2315820365846486,-0.27937211830783143,-0.7074898157484922,-2.2795555861018153,-1.051728568855597,-1.1966653937003007,-1.0391825688113119,-1.3479376280529092,-0.5493716184199502,-0.501460326011317,-0.2736764616912931,-1.3292588271023,-0.511172023683002,-0.30020404780013427,-1.2310957126284934,-0.4273782931297931,-0.4901277498116583,-0.4180257394517655,-1.0977026878871665,-0.32020563013416914,-0.29141108314694175,-0.5592929344371513,-0.6866312151827171,-0.4921496686527761,-0.27517938880002424,-0.5200440495760802,-0.44352832475550225,-0.288675134594813,-1.0195029190292666,-0.6933369049529795,-0.7457720982438044,-0.5415179602987754,-0.8365336446208685,-0.19999999999999996,-1.7747373746900794,-1.8092498396619936,-0.9729250545036341,-0.8769752752085218,-0.5771378302585811,-1.9762752616715948,-0.49766218059807293,-1.046184005847962,-0.3973867984327807,-0.5141488179624326,-1.0576523617763762,-1.4978843700434414,-0.28867513459481303,-0.9734807576540128,-0.8233413135066137,-1.0321636279538176,-0.693219376967965,-0.3529411764705882,-0.8032360489698206,-0.3278444016618044,-0.9928114231588754,-0.32993074344543616,-0.882610737404578,-0.6937942887581253,-0.35078718657065144,-0.3891264811215081,-0.9706031008715444,-1.0566208473966046,-0.35215900607758727,-0.5435712486796065,-0.8977024695208111,-0.8258802223675566,-0.9218513270862857,-1.4697786085911475,-0.24168318955502027,-0.8244361085228151,-0.645497160216557,-0.7413434881410671
2023-01-01,1.889357195498246,-0.6295622414105466,2.371245251005937,1.730589970817103,-1.0149671374688616,2.4803703466858793,1.2738853503184715,-0.3684494600892551,0.07134206957150596,1.725179109318626,2.1024770166776388,1.0136036451643924,-0.565764736997044,1.8993884606249327,-0.46143635746850903,0.8511947588132297,0.39024466198343843,-0.40081877633256324,0.5292729201851507,-0.8957522188533993,-0.6304800534965385,-0.4561821547462265,0.291713837982397,-0.2483402512471363,3.581476233367761,2.8248849269728527,1.1629284576530592,1.8215674984999708,-0.4306014523846871,-0.5974380492399992,4.0765336478306855,-0.902850197093,0.8990656281049384,2.444506035193525,-0.7074898157484922,2.417617822261698,-1.051728568855597,-0.3172237708068846,3.4126729532385878,0.8663497426378972,-0.06120385096467262,-0.501460326011317,4.431194832075331,-1.3292588271023,2.482023794490356,-0.2452080622950894,1.0978581924255622,-0.4273782931297931,1.2355303693168884,-0.4180257394517655,-1.0977026878871665,0.6048328569200973,3.980010430899507,-0.34048491494575167,-0.6866312151827171,-0.4921496686527761,-0.27517938880002424,3.4676587512023076,-0.44352832475550225,-0.288675134594813,1.0821701252686946,2.431532885204756,1.2382397957323457,-0.5415179602987754,2.4261010148871507,-0.19999999999999996,-0.03151971801850883,0.782403848100582,0.7875058127702486,-0.8769752752085218,4.430387992767652,0.13156418645967405,-0.49766218059807293,0.5239978770872127,-0.3973867984327807,-0.5141488179624326,0.16358860848217543,-0.8952067702043663,-0.28867513459481303,2.9828238392197997,-0.8233413135066137,2.0446079569203626,1.7322879363643102,-0.3529411764705882,-0.6201784073274931,0.8454689904606972,0.06112693477702291,-0.32993074344543616,1.5573711646353818,-0.6937942887581253,3.0263668124420824,1.7958283769095487,1.1662423821332732,0.4490590259116445,1.9198924825512806,1.76049161012903,0.43681529698054405,1.3124984446754113,0.14061831059381502,2.012944420180412,0.10958719330641306,1.0318271245316586,-0.645497160216557,0.2421644237959965
2023-02-01,2.0199448236976356,-0.46734035447636274,1.5255011114804862,3.9332356766742547,-1.0149671374688616,2.4106861839768947,-0.5477707006369427,-0.3684494600892551,0.01337663804465734,0.3977595749058867,-0.8157493490484398,0.18936907397616654,-0.565764736997044,1.054687032123099,3.832387599011267,1.0638731553058511,-0.3223760251167535,2.1139835524956228,2.6353757529722954,-0.8957522188533993,-0.649729473769114,-0.4561821547462265,2.7028176167673292,-0.2483402512471363,-0.3531032906137229,2.1413340463267883,0.9416673662190949,2.2822216584885617,-0.4306014523846871,-0.5974380492399992,-0.35790686553115814,-0.902850197093,1.881377213773514,4.26042480419443,1.5931380054561224,0.8336125206985877,-1.051728568855597,-0.7113921091861747,0.7815121895655059,0.390102220846462,0.6171591505640899,-0.501460326011317,2.1370402485157043,-1.3292588271023,2.6613593499301293,-0.23145906591882817,2.575539290804687,-0.4273782931297931,-0.4901277498116583,-0.4180257394517655,2.696895322226549,-0.32020563013416914,-0.29141108314694175,0.2794711402798807,-0.6866312151827171,-0.4921496686527761,-0.27517938880002424,-0.5200440495760802,1.3132596490807449,-0.288675134594813,2.089387018196397,0.06975706089750534,2.2137694493039777,-0.5415179602987754,1.5332400895485363,-0.19999999999999996,-0.8790841648829621,0.8045137521076016,1.6115372825580234,-0.8769752752085218,0.9147617772230306,0.581029951134724,-0.49766218059807293,2.0941797600223877,2.080757983299188,-0.5141488179624326,0.4316658946364916,-1.4978843700434414,-0.28867513459481303,1.9978517404130414,1.6234633558033424,-1.0321636279538176,-0.297756228055094,-0.3529411764705882,-0.5940273156643034,-0.3278444016618044,0.8097376259769199,-0.32993074344543616,0.8570059890498376,2.333671698550058,3.3275143027999055,2.78040680059021,0.5623512673710421,-1.0566208473966046,3.5181929858111616,2.957567246545384,-0.44701006592166925,0.9561020001682501,0.6984148703758679,1.9810323075930891,-0.06316509725486003,0.5382968205052707,-0.645497160216557,0.8491861704552973
2023-03-01,2.2903256271861814,-0.22135059585698938,1.4137138353616348,0.5846192241812811,-1.0149671374688616,2.4486957272727046,-0.7133757961783439,-0.3684494600892551,-0.7981394033312241,0.0038920650889089714,-0.8157493490484398,-0.37296546891267607,-0.565764736997044,0.9789354657769109,1.1258448745345702,-0.5875120409897984,2.1208949020839043,3.3516349604005935,2.8180956336681824,-0.8957522188533993,-0.5835060818917245,-0.4561821547462265,2.820913849264251,-0.2483402512471363,-0.3531032906137229,1.9811268086753666,1.181714776737075,-0.050452598474940734,-0.4306014523846871,1.0012884532181932,-0.35790686553115814,-0.902850197093,1.3490160666108137,-0.27937211830783143,-0.7074898157484922,1.2555811668229626,-1.051728568855597,-0.4972025215385605,0.3100721047945807,1.0408566758994824,0.858073113723837,-0.501460326011317,-0.2736764616912931,-1.3292588271023,2.708328185878641,-0.2342088651940804,1.4672784670203434,-0.4273782931297931,-0.4901277498116583,-0.4180257394517655,-1.0977026878871665,-0.32020563013416914,-0.29141108314694175,-0.5592929344371513,-0.6866312151827171,-0.4921496686527761,-0.27517938880002424,2.160215209963492,-0.44352832475550225,-0.288675134594813,2.114765711561504,0.08788054258645434,2.101661219297451,-0.5415179602987754,1.451338561058829,-0.19999999999999996,0.24258623075467622,0.07488691987595446,0.000930318881917997,-0.8769752752085218,0.9964103522600514,1.8061255258084046,-0.49766218059807293,-1.046184005847962,-0.3973867984327807,-0.5141488179624326,-0.6977337831432665,0.18000609346868351,-0.28867513459481303,1.9239788330025345,1.7526959967880233,1.0882003813122536,-0.32035412227868665,-0.3529411764705882,-0.5155740406747344,-0.3278444016618044,2.3127916797512387,-0.27386782018441774,-0.882610737404578,1.576805201723012,1.7142241758829946,-0.3891264811215081,0.4926715233600155,1.2859812583118255,2.6615716714220654,2.721677846666564,-0.511394695007261,1.1343002224218308,2.4072202043113635,2.6490352935502,0.11017855758732456,1.3068290849841733,-0.645497160216557,1.9056693743404736
2023-04-01,1.8576237718572362,0.9296665319741464,-0.14453304387083793,0.5820302325330492,-0.4816591636678991,1.1326152906552922,-0.7133757961783439,-0.3684494600892551,-0.21848508806273748,3.61357586327641,0.3253344871288297,-0.48145215950223785,-0.565764736997044,0.48154782259816603,0.0457993217742733,-0.5875120409897984,0.22057306981672606,0.1719241624319712,1.7922647302811516,1.3835867702566726,-0.5831905505717417,-0.4561821547462265,1.1226270745794598,-0.2483402512471363,-0.3531032906137229,1.6099800414495735,1.085695812529883,0.42000271385383287,-0.4306014523846871,1.8548458231746856,-0.35790686553115814,1.0520910498616851,0.7791590495726237,-0.27937211830783143,1.8549980826664036,2.2955677515735284,-1.051728568855597,0.18926723225485026,0.24158201983996686,0.7189702260821781,0.31918661718229685,3.897637937862158,-0.2736764616912931,-1.3292588271023,-0.511172023683002,-0.23145906591882817,1.214305887678265,-0.4273782931297931,-0.4901277498116583,-0.4180257394517655,-1.0977026878871665,-0.32020563013416914,-0.29141108314694175,2.832231367679543,-0.6866312151827171,-0.4921496686527761,-0.27517938880002424,-0.5200440495760802,-0.44352832475550225,-0.288675134594813,1.3914729506559418,0.13996170575574995,1.041270698563201,-0.5415179602987754,1.7861054643938081,-0.19999999999999996,0.6513407157673203,0.6843743941899408,3.353240161882184,-0.8769752752085218,0.567579870761887,0.35740412733088156,-0.49766218059807293,2.303537344413744,1.499942800080758,3.8644930832969804,0.573505728580574,0.3492261551254502,-0.28867513459481303,0.9307986333723867,2.1231629009441084,1.6244617550843077,-0.3768488578376682,-0.3529411764705882,-0.03364678002452515,0.8712688689324876,-0.1407342136630577,-0.32993074344543616,-0.882610737404578,2.6280086695383535,-0.35078718657065144,-0.3891264811215081,0.23717912865291765,2.0483563006691115,-0.35215900607758727,-0.5435712486796065,-0.3826254368360775,0.24330911115392737,2.0530636584179964,-1.0520200438116458,-0.05540344106789653,1.9157619974147413,-0.645497160216557,2.8211775824167953
2023-05-01,0.3308555018188318,1.019405028868544,-0.9541439224285791,0.4833163773868751,1.925805887773644,0.36292203891514513,0.11464968152866245,-0.3684494600892551,-0.4503468141701321,1.0034745596629517,-0.8157493490484398,0.7629307596200969,-0.565764736997044,1.3848495194055415,-0.8196836100135539,-0.5875120409897984,-0.3223760251167535,0.15875765809255662,0.4232403984461696,-0.8957522188533993,-0.21834942282721567,2.446294032249402,0.9315346617748793,-0.2483402512471363,-0.3531032906137229,-0.6249109237877561,0.9224635733776565,-1.5598300588630893,-0.4306014523846871,-0.5974380492399992,-0.35790686553115814,-0.19196247092765997,0.6632627245029286,-0.27937211830783143,1.755865339151083,0.9429654758089637,-1.051728568855597,-0.42971049001418193,2.6935270612151427,0.5719901120103495,0.10997185970146361,1.7996064581686548,-0.2736764616912931,0.2549946437322237,-0.511172023683002,-0.26583155685948123,0.2660889406205424,-0.4273782931297931,1.8992450305201756,-0.4180257394517655,1.8063264014855753,-0.32020563013416914,-0.29141108314694175,-0.5592929344371513,-0.6866312151827171,-0.4921496686527761,4.391695423285666,1.4411212622821432,3.3403226958148764,-0.288675134594813,1.489815387445733,0.7698957745653251,0.8174216642330079,-0.5415179602987754,1.3654090885450374,-0.19999999999999996,1.825908750641889,-0.16693402134983762,0.6002259332730271,-0.8769752752085218,0.6560129978793482,0.6438862745471351,-0.49766218059807293,0.4193190848915344,-0.3973867984327807,1.6242576919549552,2.566355395494935,-0.05668684019995437,-0.28867513459481303,0.8651338267852694,1.6406943746013,0.10094094842646385,-0.5877625372578661,-0.3529411764705882,2.334894950612938,-0.3278444016618044,1.0856483414327083,-0.32993074344543616,-0.6453902747062485,0.5676498726202844,-0.35078718657065144,3.4547755839331287,-0.4131651487833311,0.9506633744173285,-0.35215900607758727,1.1618626093155653,1.2162595187894498,-0.11308733335323395,1.1558670754881333,-0.290515918405993,4.974149768084445,0.11057055701573458,-0.645497160216557,2.127083044228497
2023-06-01,1.2676484872960518,0.6752283386837435,2.094599971721911,1.0395856574590316,-1.0149671374688616,-0.45368924283076717,-0.7133757961783439,-0.3684494600892551,-0.01560607771876705,0.6144537616202153,1.6575089178812397,0.10732569594476832,-0.565764736997044,-0.08158646306972304,-0.8076295301836399,1.2390200700644807,-0.3223760251167535,-0.40081877633256324,0.08504614594064999,-0.8957522188533993,0.41876257556589097,-0.4561821547462265,0.10248801738071173,-0.2483402512471363,2.2699497253739334,0.7688920437796107,0.4615725451831347,1.4458566587929644,-0.4306014523846871,-0.5974380492399992,-0.35790686553115814,-0.902850197093,0.9474894386660653,-0.27937211830783143,-0.7074898157484922,0.8451368765592638,-1.051728568855597,-0.7310786521684922,-0.6624871015609358,0.9155561286532486,-0.15947138856930643,-0.501460326011317,-0.2736764616912931,-1.3292588271023,-0.511172023683002,3.2250386230732406,0.7926849221081343,-0.4273782931297931,0.7045586403542587,-0.06721945530239001,1.1093594200361172,-0.32020563013416914,-0.29141108314694175,-0.5592929344371513,-0.6866312151827171,3.9997196396181196,-0.27517938880002424,0.4823293320403451,2.3943599406722815,-0.288675134594813,1.299475187207427,-0.6933369049529795,2.2630102770384575,-0.5415179602987754,1.2445707678225182,4.999999999999999,0.47341229287946335,1.5167057262999786,0.19570139355902852,-0.8769752752085218,0.11436009428489909,0.5882627335547822,-0.49766218059807293,0.628676669282891,1.4354077797231544,1.6497149123111146,0.9942972359480196,0.08889144761505505,-0.28867513459481303,-0.2183354819021647,1.1409948294605343,0.9909702856492593,-0.2713920181275693,-0.3529411764705882,1.5242111090540587,4.626661990272277,0.5363628545970117,-0.32993074344543616,-0.4081698120079192,-0.6937942887581253,-0.35078718657065144,-0.19276615891283472,2.5598372623538066,0.8189055501554668,-0.35215900607758727,-0.5435712486796065,-0.29248695611624914,1.3124984446754113,0.3058913653440528,0.20002199299617981,-0.24168318955502027,1.02077793862062,-0.645497160216557,0.9792148724719343
2023-07-01,0.18721811063604346,2.6938071625388607,0.9648709842783683,-0.6027998132757645,-0.2180202477811268,-0.053282460173971466,0.8598726114649682,2.1761546236521627,0.76692724789369,-0.3997377696365286,-0.8157493490484398,-0.21637091781865994,-0.565764736997044,2.105204037112689,0.9252649861648007,-0.5875120409897984,-0.3223760251167535,-0.40081877633256324,0.20352661577628656,-0.8957522188533993,1.3704527682824568,-0.4561821547462265,0.10334705056701261,-0.2483402512471363,-0.3531032906137229,-0.6249109237877561,1.144374068434278,0.8316511121415098,-0.4306014523846871,1.2654847820142505,-0.35790686553115814,0.8743691183203501,-0.027904459779492418,-0.27937211830783143,-0.7074898157484922,-0.24826045036195624,-1.051728568855597,-0.5984405688251281,0.38769420107647634,0.9155561286532486,-0.13728194459406654,-0.4168622824752886,-0.2736764616912931,-1.3292588271023,-0.511172023683002,-0.30020404780013427,1.0577038147522164,-0.4273782931297931,-0.4901277498116583,3.294696064958586,-0.22649396107534406,-0.32020563013416914,-0.29141108314694175,1.1182352149969126,-0.6866312151827171,-0.4921496686527761,-0.27517938880002424,-0.5200440495760802,-0.44352832475550225,-0.288675134594813,0.717351408145275,-0.6933369049529795,0.5207181925344441,2.4591536312614606,0.94918820605636,-0.19999999999999996,1.3991209795257458,-0.46440826882538533,0.71259386097136,-0.8769752752085218,-0.03376539363684822,-0.2021770594944436,-0.49766218059807293,0.0006039161088211724,-0.3973867984327807,-0.5141488179624326,0.2430189154908616,-0.8289347501971555,-0.28867513459481303,-0.05417346543437166,0.1415957391790029,0.6562743794247206,0.8490869037922318,-0.3529411764705882,1.1493787952150072,-0.3278444016618044,1.6242828631497075,-0.32993074344543616,0.303491576087069,-0.6937942887581253,-0.35078718657065144,-0.3891264811215081,-0.1344461727392245,1.6738866948722408,-0.35215900607758727,0.5549055972191737,-0.4899331519787304,0.9561020001682501,1.4598514440466068,1.1773729628846237,-0.24168318955502027,0.95325513583094,-0.645497160216557,0.4163100068539926
2023-08-01,-0.6035075277925143,1.8375299481602825,-0.9541439224285791,-0.6395097608917333,2.147255938430062,-0.35801984207602866,0.6114649681528663,3.373615368942242,0.245238364152052,-0.49970451458107285,-0.8157493490484398,2.7296450184229184,-0.565764736997044,1.1104287507551998,-0.13260105970845432,3.4658879862813414,4.360559918684508,-0.40081877633256324,-0.23290144399802032,-0.8957522188533993,1.6913511353353152,-0.4561821547462265,0.47263775965644883,-0.2483402512471363,-0.3531032906137229,-0.6249109237877561,0.4615725451831347,1.2890382213500398,-0.4306014523846871,1.570326699855855,-0.35790686553115814,1.0520910498616851,0.4434865124176008,-0.27937211830783143,-0.7074898157484922,0.6984536078814603,-1.051728568855597,-0.5655710729528659,0.10802635417846991,0.7993499759652092,1.095817156315693,-0.3745632607072744,-0.2736764616912931,0.11097160092908519,1.0281248271750518,-0.30020404780013427,0.1943846947752821,-0.4193180612848964,-0.4901277498116583,3.2247193042961824,1.4578429107608462,-0.32020563013416914,2.861304796268294,-0.5592929344371513,-0.6866312151827171,0.3527262578847417,2.2126099079149157,-0.5200440495760802,-0.44352832475550225,-0.288675134594813,0.5111495245537769,-0.6933369049529795,0.47732145833836925,2.8737201011480717,-0.8365336446208685,-0.19999999999999996,0.25100176426964227,-1.8092498396619936,0.43167404172552765,-0.780543553397107,-0.2708971863518178,0.3657685695853707,1.9232235237306174,0.4193190848915344,3.7264010024180734,0.19865335201002995,0.5110962016451779,3.158419278028317,-0.28867513459481303,0.2522622986388421,-0.8233413135066137,1.5874395263510905,-0.21866359827251983,2.7058823529411757,0.7266028133267741,-0.3278444016618044,0.42659270388390264,1.7443974172122458,1.9640348149753746,-0.6937942887581253,-0.35078718657065144,-0.3891264811215081,0.21395254731590885,2.117702523964828,-0.35215900607758727,0.503296242626436,-0.46310622319306716,-0.8258802223675566,-0.9218513270862857,0.2303165156577536,-0.24168318955502027,2.5688916534894637,-0.645497160216557,1.1419166029289762
2023-09-01,-0.24274908007559257,-0.1359109491132216,-0.9541439224285791,0.14861837594930563,0.6683553078453275,-0.5635605789202172,-0.2165605095541401,2.6252024031359427,-0.21848508806273748,0.7276539137063746,-0.8157493490484398,3.0220161610716074,-0.565764736997044,0.3786400343542878,0.4026000847397285,0.8887262405472217,-0.3223760251167535,-0.40081877633256324,1.0283906462775538,-0.8957522188533993,1.8707316956222988,1.8371323633737757,0.32259188023895957,-0.2483402512471363,-0.3531032906137229,-0.6249109237877561,0.9736736876214921,0.2631842764109083,-0.4306014523846871,-0.5974380492399992,0.4954393066730676,-0.902850197093,0.5167061888690265,-0.27937211830783143,1.8316177186297715,-0.27612588199080074,-1.051728568855597,-0.6260509453578283,0.09946509355914318,0.4103119865313383,0.04023360720785257,-0.4380117933592957,-0.2736764616912931,0.2549946437322237,-0.511172023683002,-0.30020404780013427,-0.02646438242811978,0.6688132377761611,-0.4901277498116583,0.9340676021607787,0.0058283660744753,-0.32020563013416914,-0.29141108314694175,2.3946153286967435,-0.6866312151827171,1.6216711822982335,-0.27517938880002424,-0.5200440495760802,1.718672258427571,-0.288675134594813,0.43977194946441217,0.6954941128949028,0.20791453244913657,-0.5415179602987754,-0.16520964060687285,-0.19999999999999996,1.6014945235761233,-1.8092498396619936,0.09967789170772574,-0.7483996461266355,-0.09730623312124612,-0.47346380328170873,2.4240964280744843,-0.66934035394352,-0.3973867984327807,-0.5141488179624326,1.1763250228429254,-1.4625021234775466,-0.28867513459481303,0.057456705763727564,0.8997605662891301,0.8787817137304196,-0.693219376967965,3.470588235294117,0.8181316341479379,0.8691769868942343,1.8296943332960207,1.448064822832577,-0.17094934930958977,-0.6937942887581253,-0.35078718657065144,-0.3891264811215081,-0.20412591675025113,-1.0566208473966046,-0.35215900607758727,-0.5435712486796065,0.43505935255093703,1.223399333548621,0.6836583476303111,-0.1075764411491965,-0.24168318955502027,0.9778088822999146,-0.046908621094649515,-0.7413434881410671
2023-10-01,-0.5997635957917599,2.142658749476862,-0.9541439224285791,-0.6395097608917333,0.6537728251026277,0.3367904778992759,-0.7133757961783439,-0.06908427376673534,0.940823542474236,-0.5133603488613747,-0.8157493490484398,-0.3218132196938406,-0.565764736997044,-0.19306990033392443,-0.8510242175713304,1.0888941431285126,-0.3223760251167535,-0.40081877633256324,0.3055098050018978,-0.8957522188533993,0.9022595576529584,3.0912887404706524,0.1276231841641466,-0.2483402512471363,-0.3531032906137229,-0.6249109237877561,1.229724258840671,-0.5797148248448111,-0.4306014523846871,-0.5974380492399992,-0.29624890511177765,0.3412033236963451,0.2744972959695863,-0.27937211830783143,-0.7074898157484922,-0.7573913382314742,0.5713981785081256,-1.097551221531633,-1.0391825688113119,0.1894481186894747,-0.5493716184199502,-0.501460326011317,-0.2736764616912931,-1.3292588271023,-0.511172023683002,-0.30020404780013427,-1.2310957126284934,-0.4220048052331953,-0.4901277498116583,-0.4180257394517655,0.7899162202051156,-0.32020563013416914,-0.29141108314694175,-0.5592929344371513,1.9596480454171923,-0.4921496686527761,-0.27517938880002424,-0.5200440495760802,-0.44352832475550225,-0.288675134594813,-0.5991683101696743,-0.6933369049529795,-0.7457720982438044,-0.5415179602987754,-0.7022688438180694,-0.19999999999999996,1.2969323582725847,-1.8092498396619936,-0.32680947023821966,0.00698217472944679,-0.09566858261907094,-0.6269386452542296,1.672787071558684,-1.046184005847962,-0.3973867984327807,-0.5141488179624326,-0.12682845151833386,-0.7829271077685934,3.464101615137756,-0.9734807576540128,-0.8233413135066137,-0.8459305985685437,-0.693219376967965,-0.3529411764705882,-0.8032360489698206,-0.3278444016618044,0.15488441003957296,4.29182800171546,-0.06928343672459152,-0.5045776645513639,-0.35078718657065144,-0.17236508647556995,0.2836322913269355,0.9275479666520898,-0.35215900607758727,-0.4335138440975672,-0.5757793240928526,-0.11308733335323395,0.707268784023202,-0.8935780113643745,-0.24168318955502027,0.15771375023616563,-0.645497160216557,-0.7413434881410671
2023-11-01,0.14525315853967563,-0.7286149136313088,1.7965005687383075,0.2076871624896284,0.04063411951234,-0.7108475591914799,0.03184713375796182,-0.3684494600892551,-0.01560607771876705,-0.05781875604616557,1.6766179773387537,1.4832206734469298,-0.565764736997044,-1.1192399945288285,1.241564040901745,1.464208960468433,-0.3223760251167535,-0.40081877633256324,0.03755397448754669,-0.8957522188533993,1.3528171801751432,-0.4561821547462265,0.317570646794559,-0.2483402512471363,-0.3531032906137229,-0.6249109237877561,0.9736736876214921,-1.5598300588630893,0.4270031115569599,-0.5974380492399992,2.4388982190919406,1.22981298140302,0.20788564514125354,-0.27937211830783143,-0.7074898157484922,-0.18796680504043325,1.5305185292230525,1.3803030826850582,-1.0391825688113119,0.8016465402475815,-0.5493716184199502,-0.501460326011317,-0.2736764616912931,0.06296391999470559,-0.511172023683002,-0.30020404780013427,-1.2310957126284934,0.5559699919476069,-0.4901277498116583,-0.4180257394517655,1.481075143475828,-0.32020563013416914,-0.13886031478814004,-0.5592929344371513,1.9036569475996856,0.9464228549111054,-0.27517938880002424,-0.5200440495760802,-0.44352832475550225,-0.288675134594813,-0.07573275951433305,-0.6933369049529795,-0.1847391185569487,1.7484682543129837,-0.8365336446208685,-0.19999999999999996,-0.3753543730585565,-1.8092498396619936,-0.6358212714086352,-0.4269605734219196,-0.04162611604728917,0.7639160208990546,-0.49766218059807293,-1.046184005847962,-0.3973867984327807,-0.5141488179624326,-0.5612129429720869,0.8447152046735117,3.464101615137756,-0.24022375076453714,-0.8233413135066137,0.10094094842646385,-0.297756228055094,-0.3529411764705882,-0.8032360489698206,-0.3278444016618044,-0.9928114231588754,-0.2818768092217061,0.303491576087069,0.9040349823211936,-0.35078718657065144,-0.3891264811215081,2.9779157264199667,0.3753786636599455,-0.35215900607758727,-0.5435712486796065,-0.47920238046446506,2.3816877781968953,-0.9218513270862857,-0.20423027851298217,-0.24168318955502027,-0.8244361085228151,-0.645497160216557,-0.7413434881410671
2023-12-01,0.3394953448974957,0.7998949930520085,0.12392579347519135,-0.18383013368824344,2.594211171950327,0.600481684513956,2.4331210191082806,-0.3684494600892551,-0.7981394033312241,-0.3416272216845885,0.4700173658785791,0.1311577055016058,-0.565764736997044,-1.2221477827727065,-0.11813616391255748,-0.5875120409897984,-0.3223760251167535,-0.40081877633256324,-0.6003408757667666,-0.8957522188533993,1.001739347730436,0.7263081436593999,0.1085860785050582,-0.2483402512471363,2.2699497253739334,-0.6249109237877561,1.178514144596835,-0.14846412187676858,3.4676011109864358,2.0309767090387236,-0.35790686553115814,1.1853824985176864,0.36841207273922427,-0.27937211830783143,1.537025131768205,-0.10710757935123762,1.4050950987449469,-0.03965913899667022,-0.5842127187556628,0.28905339242208006,1.44767833935164,0.9085070662558227,-0.2736764616912931,1.8392481145667476,0.1762809388361288,3.6870049013156176,-1.2310957126284934,-0.12108948302371766,0.8373015725949162,-0.4180257394517655,-1.0977026878871665,-0.32020563013416914,-0.29141108314694175,-0.5592929344371513,2.0719801854135653,-0.4921496686527761,-0.27517938880002424,-0.5200440495760802,-0.44352832475550225,-0.288675134594813,-0.004355184424968323,-0.19732582715016436,0.013497163250721249,-0.5415179602987754,0.24429800184166456,-0.19999999999999996,0.7499226797997814,-0.3072985636739559,-0.3308226105131601,1.6302494918882617,-0.3155231625360922,-0.1977857273108367,-0.49766218059807293,-1.046184005847962,-0.3973867984327807,-0.5141488179624326,0.4316658946364916,0.8361841518904013,-0.28867513459481303,-0.9734807576540128,0.016670852893811455,1.1218569528879054,-0.693219376967965,-0.3529411764705882,0.9750381841270759,-0.3278444016618044,0.3394045313702999,-0.32993074344543616,1.584482074658048,-0.6937942887581253,-0.35078718657065144,-0.3891264811215081,0.23717912865291765,-1.0566208473966046,-0.35215900607758727,-0.5435712486796065,1.6261749906343836,-0.8258802223675566,0.3743616308834372,-0.5721757414346077,-0.24168318955502027,-0.8244361085228151,-0.645497160216557,-0.7413434881410671
2024-01-01,-0.8829074531853501,-0.7286149136313088,-0.14453304387083793,-0.6395097608917333,0.9116466435698598,-0.7108475591914799,2.2675159235668794,-0.3684494600892551,4.2448531395046105,-0.30461816825521526,0.24889824929877333,-0.11269999443556826,-0.565764736997044,0.21856125264158843,-0.8124511621156055,0.5134114232073013,-0.3223760251167535,-0.40081877633256324,-0.6053400517091986,-0.8957522188533993,1.1137600004620034,-0.4561821547462265,-0.3467420018579385,-0.2483402512471363,-0.3531032906137229,-0.6249109237877561,-1.0747308821319381,0.1651727530090805,0.8168233678940722,-0.5974380492399992,0.6927447800150852,1.289053625250132,-0.15934051701683696,-0.27937211830783143,1.0320092685769482,-0.13337860004485144,0.9845577142007096,-0.6444578630462953,-0.6767558692598136,1.7484871858085118,-0.5493716184199502,-0.501460326011317,-0.2736764616912931,1.3351674647557628,-0.511172023683002,-0.30020404780013427,0.17430750593860908,1.104065757400584,-0.4901277498116583,-0.4180257394517655,0.6834351535947818,4.613332967488585,-0.29141108314694175,-0.5592929344371513,0.8991416583174798,0.3920629748822868,-0.27517938880002424,0.5912829604769131,0.547480275870073,-0.288675134594813,-0.12067419568171087,1.6379151607202518,-0.7457720982438044,-0.5415179602987754,-0.07569977340500678,-0.19999999999999996,0.7619448705354475,0.04171255013736709,0.20693818632886177,2.7231423390842955,-0.15392215048216037,-0.17582906639280266,0.5040836280896609,-0.2610930643803746,-0.3973867984327807,-0.5141488179624326,0.2827340689952048,1.0856486469836077,-0.28867513459481303,-0.14172654088386133,-0.3507190836197811,-1.0321636279538176,3.9732457802039125,1.9411764705882348,2.256441675623369,-0.3278444016618044,1.1373816005806687,-0.32993074344543616,1.110041149261389,0.86198684360858,-0.35078718657065144,-0.3891264811215081,-0.5873645088108977,0.04078313625811235,-0.35215900607758727,-0.17428169726514153,0.4083857205011919,1.3124984446754113,0.31769658354049846,0.18543812996199904,-0.24168318955502027,0.7862896598419133,-0.645497160216557,-0.20895556279233618
2024-02-01,-0.5217890120068176,-0.7286149136313088,-0.339313903774897,-0.5218938242685145,0.4495119797086741,-0.6267721020099878,1.9363057324840767,-0.3684494600892551,-0.9720356979117702,-0.8560181623464993,-0.8157493490484398,-0.3126176537428887,2.163664827197144,1.041823558592614,0.6243951536101466,-0.5875120409897984,-0.3223760251167535,2.620893969563084,-0.6170524067743248,-0.8957522188533993,0.9082206878962751,-0.4561821547462265,-0.46894618295702595,-0.2483402512471363,-0.3531032906137229,0.047959474348214036,-0.8186803109127594,0.08676353428761822,0.08396128598030109,1.8277487638109875,-0.26911940252725025,1.5852568444856903,0.36286050628172734,-0.27937211830783143,-0.5672076315286987,-0.3893979060701511,0.7779779463544176,-0.3376759015718477,-0.5323559401471695,0.9256610114956868,-0.5493716184199502,0.5137161964210235,-0.2736764616912931,0.8310868149447779,-0.27205794976330433,-0.30020404780013427,-0.3476994038148861,0.010560970442928816,-0.4901277498116583,0.7628815153425823,-0.032892021783827996,1.3756982627986525,-0.29141108314694175,-0.5592929344371513,1.6842418330273314,0.44592823543990084,-0.27517938880002424,-0.5200440495760802,-0.44352832475550225,3.4641016151377553,-0.2369932069384533,2.7787406396667267,-0.7457720982438044,-0.5415179602987754,-0.8365336446208685,-0.19999999999999996,0.22495368434236604,0.08178157456276432,0.43167404172552765,-0.8769752752085218,-0.2823607398670443,0.6787917354937534,2.8414905150277066,0.628676669282891,-0.3973867984327807,0.8011409004391353,0.8536394006201374,0.29363671440969974,-0.28867513459481303,0.036115643622914514,-0.6510311255270392,1.0853956670142826,-0.693219376967965,-0.3529411764705882,-0.8032360489698206,-0.3278444016618044,0.07228508871089673,-0.32993074344543616,0.27713374689836584,0.3363851097009093,-0.35078718657065144,-0.3891264811215081,-0.20412591675025113,0.2459323801746077,-0.35215900607758727,-0.5435712486796065,-0.6079716386356485,-0.8258802223675566,-0.9218513270862857,-0.1329120853262569,-0.24168318955502027,-0.5592556466578903,-0.645497160216557,-0.31344291262713386
2024-03-01,-0.010013307144082197,-0.34942050659450297,-0.18518296245951113,-0.5885359347609768,0.8773598922096089,-0.6917269047896244,-0.7133757961783439,-0.3684494600892551,0.07134206957150596,-1.1168266366709962,0.21149909007478152,-0.5053039296356476,-0.565764736997044,-1.2221477827727065,0.9008353843761749,-0.5875120409897984,-0.3223760251167535,-0.40081877633256324,-0.6297360303082664,1.6235171901629961,-0.3081514955164021,-0.4561821547462265,-0.48873302594459,-0.2483402512471363,-0.3531032906137229,-0.6249109237877561,0.4615725451831347,0.030756949486573672,-0.04078119604757482,-0.5974380492399992,-0.33801720087974507,1.5852568444856903,0.8193087636513174,-0.27937211830783143,-0.7074898157484922,-0.09659931299109013,0.9353720551896875,-1.1966653937003007,-0.44560183253799196,0.5088345942451109,-0.5493716184199502,-0.501460326011317,-0.2736764616912931,0.37021307797473463,-0.03721377002074412,-0.30020404780013427,0.13415312826526343,0.2545173209484695,-0.4901277498116583,-0.4180257394517655,-0.052252215712979534,-0.32020563013416914,-0.29141108314694175,-0.5592929344371513,-0.6866312151827171,1.269367707139732,-0.27517938880002424,-0.5200440495760802,-0.44352832475550225,-0.288675134594813,-0.8573612669744134,0.5962918973343398,-0.5154222331310391,1.5905381705466555,-0.8365336446208685,-0.19999999999999996,1.2308103092264215,0.11825429785598827,0.5861799423107354,-0.26624103706956165,-0.3560550124649285,0.160839734350386,-0.49766218059807293,-0.41811125267389204,-0.3973867984327807,0.7869980002412691,1.6396684803935955,0.3035437434481503,-0.28867513459481303,0.4054801806754489,-0.2202556555781033,-1.0321636279538176,-0.2582099131638069,-0.3529411764705882,0.45201635086328273,-0.3278444016618044,0.6230921419921217,-0.32993074344543616,-0.4081698120079192,1.2614441613784098,-0.35078718657065144,-0.3891264811215081,-0.9706031008715444,-0.08360665177857951,-0.35215900607758727,-0.3656739857636507,-0.8977024695208111,0.9561020001682501,-0.9218513270862857,0.4062233358681133,-0.24168318955502027,-0.8244361085228151,-0.645497160216557,-0.41494490960950875
2024-04-01,0.08479997080771443,-0.7286149136313088,-0.08355816598782811,-0.41489031095809575,0.2584716171926998,0.12536239331633428,-0.7133757961783439,-0.3684494600892551,-0.9720356979117702,0.38887177180032684,2.795862888421721,-0.4860474564116182,2.4191858927812806,-0.20287064207143662,-0.5279748781296344,-0.5875120409897984,-0.3223760251167535,-0.40081877633256324,-0.6318356842040878,0.48384769560796004,0.555724773289913,1.4788019699175257,-0.10482775568059853,-0.2483402512471363,-0.3531032906137229,0.28827033082534625,-1.0747308821319381,0.09983173740786203,-0.4306014523846871,-0.5974380492399992,-0.35790686553115814,-0.902850197093,0.123719949965844,-0.27937211830783143,0.9758963948890307,0.2343676496011494,1.0140691096073227,-0.17113712248571916,-0.5181687082637138,0.7651716957628447,4.110411616380427,0.6829122834930803,-0.2736764616912931,0.9391040970471317,-0.38734509254601573,-0.30020404780013427,0.3349250166319923,-0.4273782931297931,-0.4901277498116583,-0.4180257394517655,-0.7685793910915891,-0.32020563013416914,-0.29141108314694175,-0.5592929344371513,1.2706075979005007,-0.4921496686527761,-0.27517938880002424,-0.5200440495760802,-0.44352832475550225,-0.288675134594813,-0.6388225185526547,1.1253703803240094,-0.7457720982438044,0.23233945015623286,0.022761080517045965,-0.19999999999999996,0.15482423838431425,0.807932351723145,0.8249617886696929,-0.4671404575100091,-0.3651250767846681,2.992203437494967,-0.49766218059807293,0.20996150050017778,-0.3973867984327807,-0.08986181202644301,1.250790935663569,1.1274783251459544,-0.28867513459481303,-0.16908687696182678,-0.3064107495678905,-1.0321636279538176,-0.3504846479101435,-0.3529411764705882,0.7135272674951793,-0.3278444016618044,-0.14942887906607621,-0.32993074344543616,-0.4081698120079192,-0.6937942887581253,-0.35078718657065144,0.11665010638568092,0.3533120353379622,-1.0566208473966046,-0.35215900607758727,-0.5196814060942757,-0.44701006592166925,-0.8258802223675566,0.6187296475498604,-0.3333727416238533,-0.24168318955502027,-0.8244361085228151,-0.645497160216557,-0.4179302624619315
2024-05-01,-0.43683055506662194,-0.7286149136313088,-0.6441882931899461,-0.5556410861587234,-0.23181145250410432,-0.655944885541977,-0.7133757961783439,-0.3684494600892551,0.07134206957150596,0.02708590420930069,0.5022297803926743,-0.5880710869525408,-0.565764736997044,0.25286384872288115,-0.010453050765325447,-0.5875120409897984,-0.3223760251167535,-0.40081877633256324,-0.6303359314213582,1.4435693752332535,0.866771328046241,-0.4561821547462265,-0.5515991588028337,0.019103096249779714,-0.3531032906137229,0.19214598823449336,0.4615725451831347,-0.79253984708878,-0.4306014523846871,-0.5974380492399992,-0.35790686553115814,1.5852568444856903,1.6352362497917057,-0.27937211830783143,0.7514449001373611,0.1314200836879959,0.6673102135796183,1.5643722595697267,-0.2087402887366191,-1.3479376280529092,-0.5493716184199502,1.1905005447092505,-0.2736764616912931,1.1911444219526242,-0.060698187995000145,-0.30020404780013427,-0.7492431805483439,4.489363132257207,-0.4901277498116583,-0.4180257394517655,-0.4781764821543151,0.45065977574438615,-0.29141108314694175,-0.5592929344371513,1.0811127262243765,-0.4921496686527761,-0.27517938880002424,0.8854577572556466,-0.44352832475550225,3.4641016151377553,-0.5965246962774755,-0.42879766345814474,-0.6732127586679673,-0.5415179602987754,-0.8365336446208685,-0.19999999999999996,-1.7747373746900794,0.33054933398122044,-0.9729250545036341,0.15698707532498077,-0.5771378302585811,0.0842729167900621,-0.49766218059807293,2.0941797600223877,-0.3973867984327807,-0.2426051341633993,-1.0576523617763762,-0.24904832069653587,-0.28867513459481303,-0.9734807576540128,-0.6567747984596918,-0.20196819575440345,0.39430428254243016,-0.3529411764705882,0.45201635086328273,-0.3278444016618044,-0.9928114231588754,-0.32993074344543616,-0.882610737404578,0.25228883227568194,-0.35078718657065144,-0.3891264811215081,0.004913315282828848,-0.14905215001391214,-0.35215900607758727,-0.4057943320901604,3.931144711898566,-0.8258802223675566,-0.9218513270862857,-0.5464070093228967,-0.24168318955502027,-0.8113407770726955,2.87121050712465,-0.7413434881410671
2024-06-01,-0.53528876681723,0.7249337935504009,-0.04798948722273907,-0.5822686210162945,-0.36834423627141144,-0.7108475591914799,0.9426751592356688,-0.3684494600892551,-0.10255422500904006,-0.5793759547583156,0.09056604236508524,-0.5973604116151495,-0.565764736997044,0.029896974194478364,-0.42947582580519406,-0.5875120409897984,-0.3223760251167535,-0.40081877633256324,-0.606339886897685,0.8237491238085849,-0.9365263412202742,-0.4561821547462265,-0.8044207762291865,-0.12417012562356815,-0.3531032906137229,-0.48072440990147686,-1.0747308821319381,-0.13278227813247617,-0.4306014523846871,-0.5974380492399992,-0.35790686553115814,-0.902850197093,-1.2315820365846486,-0.27937211830783143,0.55504984222965,-0.041960514478628204,2.4099581123401244,-0.5064059803827938,0.35630291213894505,-1.3479376280529092,-0.5493716184199502,-0.501460326011317,-0.2736764616912931,0.35101000560098267,-0.511172023683002,-0.30020404780013427,-0.4179695647432412,-0.4273782931297931,-0.4901277498116583,-0.4180257394517655,-0.40073570643770856,-0.32020563013416914,-0.29141108314694175,-0.5592929344371513,0.3264577109527944,-0.4921496686527761,-0.27517938880002424,-0.5200440495760802,-0.44352832475550225,-0.288675134594813,-0.7022692519654233,-0.6933369049529795,-0.7457720982438044,0.8798527935981785,-0.4247882554922845,-0.19999999999999996,-0.2599413419961629,0.19656115925365517,-0.9729250545036341,-0.11929746097597724,-0.5771378302585811,-0.7174267023709758,-0.49766218059807293,-1.046184005847962,-0.3973867984327807,-0.3274625353505972,-1.0576523617763762,0.8883886910180145,-0.28867513459481303,-0.3824974983699578,1.6923874309951723,-1.0321636279538176,-0.4954878025115295,-0.3529411764705882,-0.8032360489698206,-0.3278444016618044,-0.9928114231588754,-0.32993074344543616,-0.882610737404578,-0.6937942887581253,-0.35078718657065144,-0.3891264811215081,-0.9706031008715444,-0.14957224668862995,-0.35215900607758727,-0.36122427462561957,-0.4899331519787304,-0.8258802223675566,-0.9218513270862857,-0.4401289175152275,-0.24168318955502027,-0.8244361085228151,1.131562565301606,-0.5572467289083284
2024-07-01,-0.746964922244497,-0.7286149136313088,-0.4172262477365207,-0.5694737621194059,-0.3591974903477944,-0.7108475591914799,-0.7133757961783439,-0.3684494600892551,0.245238364152052,-0.2808503328009804,-0.4887114457612701,-0.6158088912672891,0.810564638990238,-1.2221477827727065,-0.3977908159665629,-0.5875120409897984,-0.3223760251167535,-0.40081877633256324,-0.6693295037723273,0.8317468044721289,-1.030037916672888,-0.4561821547462265,-0.41551638349150677,-0.2483402512471363,-0.3531032906137229,0.2402081595299198,-1.0747308821319381,-0.10925951251603744,0.34903906028953746,-0.5974380492399992,-0.35790686553115814,-0.902850197093,-1.2315820365846486,-0.27937211830783143,-0.7074898157484922,-0.5472775624871759,0.17299434051884824,2.3006489671084007,-0.10386484614986664,-1.3479376280529092,-0.5493716184199502,-0.501460326011317,-0.2736764616912931,1.6232135503620397,-0.511172023683002,-0.30020404780013427,-0.6167337342263028,-0.4273782931297931,-0.4901277498116583,-0.4180257394517655,0.2613829259392765,-0.32020563013416914,-0.29141108314694175,-0.5592929344371513,-0.3720312343206015,-0.4921496686527761,-0.27517938880002424,-0.5200440495760802,-0.44352832475550225,-0.288675134594813,-0.7181309353186155,-0.6933369049529795,-0.677726019024359,-0.008503927587417713,-0.8365336446208685,-0.19999999999999996,-0.12769724390383685,0.3830779843763527,-0.9729250545036341,0.8159371743696482,-0.5771378302585811,-0.5930056238354496,-0.49766218059807293,-0.8368264214566052,-0.3973867984327807,-0.03894737131412425,-1.0576523617763762,-0.152179592320575,-0.28867513459481303,-0.9734807576540128,-0.37533482475972024,-0.07856076664367972,0.3547579676511431,-0.3529411764705882,-0.8032360489698206,-0.3278444016618044,-0.9928114231588754,-0.32993074344543616,-0.882610737404578,-0.6937942887581253,-0.35078718657065144,-0.3891264811215081,0.3533120353379622,-0.30219172645861986,-0.35215900607758727,-0.5435712486796065,-0.44701006592166925,-0.8258802223675566,-0.9218513270862857,-0.719186597173961,-0.24168318955502027,-0.8244361085228151,1.225092024539404,-0.4079790862871889
2024-08-01,-0.7534448045534949,-0.7286149136313088,-0.3895617198081181,-0.5405541036953941,-0.7391987845223525,-0.7108475591914799,0.28025477707006374,-0.3684494600892551,-0.7981394033312241,0.8782237545535069,0.04051850569064365,-0.6723945968220288,0.82798652982552,-1.2221477827727065,-0.1925270565771697,-0.5875120409897984,-0.3223760251167535,-0.40081877633256324,-0.6693295037723273,1.0836737453737684,-1.0132426568023116,-0.4561821547462265,-0.34401526426013174,-0.2483402512471363,-0.3531032906137229,-0.24041355342434462,-1.0747308821319381,-0.5561920592283723,3.0777808546493235,-0.5974380492399992,-0.35790686553115814,-0.902850197093,-1.2315820365846486,-0.27937211830783143,-0.7074898157484922,-0.8841247984391212,-0.11579574310300886,0.2758880213770472,-0.2747842992285681,-1.3479376280529092,-0.5493716184199502,-0.501460326011317,-0.2736764616912931,0.06296391999470559,-0.511172023683002,-0.30020404780013427,-0.9901694465884187,-0.4273782931297931,1.6337591660388608,-0.2954675710599852,-0.26134231014781695,-0.32020563013416914,-0.29141108314694175,1.4373302434218704,0.1612839723911497,-0.4921496686527761,-0.27517938880002424,-0.5200440495760802,-0.44352832475550225,-0.288675134594813,-0.8133010354377684,-0.6933369049529795,-0.7041112334155725,-0.028245188058208737,-0.5296426713573276,-0.19999999999999996,-0.9271729278256262,0.48218864549924345,-0.9729250545036341,0.5212846910569922,-0.5771378302585811,-0.7051001558906762,-0.49766218059807293,0.7856948575764084,-0.3973867984327807,-0.5141488179624326,-1.0576523617763762,-0.4138902760863104,-0.28867513459481303,-0.08700586872793027,-0.23748667437606075,-1.0321636279538176,-0.21866359827251983,-0.3529411764705882,-0.8032360489698206,-0.3278444016618044,-0.9928114231588754,-0.32993074344543616,-0.882610737404578,0.18921662420676147,-0.35078718657065144,-0.3891264811215081,-0.9706031008715444,-0.6336088852927326,-0.35215900607758727,-0.49358038533072246,-0.511394695007261,-0.8258802223675566,-0.9218513270862857,-0.7133539713527575,-0.24168318955502027,-0.8244361085228151,0.7611859067199257,-0.4129546743745602
2024-09-01,-0.7851242291752628,-0.7286149136313088,-0.4426324468544414,-0.583103937189592,-0.624791325286816,-0.7108475591914799,-0.7133757961783439,-0.3684494600892551,0.593030953313144,-0.6767683518141988,-0.4503373345241398,-0.6496149040334332,2.233352390538272,-0.36458288074038814,-0.5424397739255312,-0.5875120409897984,-0.3223760251167535,-0.40081877633256324,-0.649082841205478,1.2036389553269302,-1.0411949132208815,-0.4561821547462265,-0.9592055363266908,0.401165021245374,-0.3531032906137229,-0.6249109237877561,-1.0747308821319381,-1.5598300588630893,-0.4306014523846871,-0.5974380492399992,-0.35790686553115814,-0.902850197093,-1.2315820365846486,-0.27937211830783143,-0.7074898157484922,-0.22968625905469936,-0.3618997012260149,1.3803030826850582,0.2725514495585748,-1.3479376280529092,-0.5493716184199502,-0.501460326011317,-0.2736764616912931,0.002954318826731292,-0.3890530502168707,-0.30020404780013427,0.9773950594055247,0.7171746288455414,-0.4901277498116583,-0.4180257394517655,-0.12969299142958593,-0.32020563013416914,-0.29141108314694175,-0.5592929344371513,-0.6866312151827171,-0.1692048164241496,-0.27517938880002424,-0.5200440495760802,-0.44352832475550225,-0.288675134594813,-0.9084711355569215,-0.6933369049529795,-0.7041112334155725,-0.5415179602987754,-0.8365336446208685,-0.19999999999999996,-0.5244295381808151,0.48020643227678556,-0.9729250545036341,0.9841569557517829,-0.5771378302585811,-1.171197694677013,-0.49766218059807293,-0.23492336633145502,-0.3973867984327807,-0.5141488179624326,-1.0576523617763762,-0.41240422173054286,-0.28867513459481303,-0.34966509507639915,-0.8233413135066137,-1.0321636279538176,-0.2582099131638069,-0.3529411764705882,-0.8032360489698206,-0.3278444016618044,-0.9928114231588754,-0.32993074344543616,-0.882610737404578,-0.6937942887581253,-0.35078718657065144,-0.3891264811215081,-0.1344461727392245,-0.8321124494767218,-0.35215900607758727,-0.5192862814713631,0.14532852166577437,-0.8258802223675566,-0.9218513270862857,-0.8812938772487753,-0.24168318955502027,-0.8244361085228151,1.2999155919296423,-0.7413434881410671
2024-10-01,-0.8470173907536679,-0.27616093527751967,-0.7034694244650944,-0.5052363497015879,-0.776615589483553,-0.5766263594281518,-0.7133757961783439,-0.3684494600892551,-0.9720356979117702,-1.0550543942721726,-0.16740626031135486,-0.6839984590115057,0.6886114031432635,-0.7076088415533155,-0.8100403461496227,-0.5875120409897984,-0.3223760251167535,-0.40081877633256324,-0.6693295037723273,1.5035519802098343,-1.0434251368246064,-0.4561821547462265,-0.8945565697220514,-0.0334304184371145,-0.3531032906137229,-0.6249109237877561,-1.0747308821319381,-0.1876687312374997,-0.4306014523846871,-0.5974380492399992,-0.35790686553115814,-0.902850197093,-1.2315820365846486,-0.27937211830783143,-0.7074898157484922,-0.5754999460338117,-0.34591436204743276,0.6440263751463842,-0.33544694590265467,-1.3479376280529092,-0.5493716184199502,0.2599220658129384,-0.2736764616912931,0.18298312233065445,-0.4513935052030776,-0.30020404780013427,-1.2310957126284934,-0.4273782931297931,-0.4901277498116583,-0.4180257394517655,-0.4781764821543151,-0.32020563013416914,-0.29141108314694175,-0.5592929344371513,-0.6866312151827171,-0.4921496686527761,-0.27517938880002424,0.8527716687246762,-0.44352832475550225,-0.288675134594813,-0.8965748730420273,-0.6933369049529795,-0.7457720982438044,-0.5415179602987754,-0.7022688438180694,-0.19999999999999996,-1.3299163174704374,1.3077804526529244,-0.9729250545036341,0.47306883015128476,-0.5771378302585811,-1.273662112294505,-0.49766218059807293,-1.046184005847962,-0.3973867984327807,-0.5141488179624326,-1.0576523617763762,-0.7786340618519314,-0.28867513459481303,-0.5138271115441921,-0.8233413135066137,-1.0321636279538176,-0.693219376967965,-0.3529411764705882,-0.8032360489698206,-0.3278444016618044,-0.9928114231588754,-0.32993074344543616,-0.882610737404578,-0.6937942887581253,-0.35078718657065144,-0.3891264811215081,-0.9706031008715444,-0.6240737795895717,-0.35215900607758727,-0.5006698328918273,-0.20556770685070036,-0.8258802223675566,-0.9218513270862857,-0.9079615125112771,-0.24168318955502027,-0.8244361085228151,-0.645497160216557,-0.4826129075977586
2024-11-01,-0.855862944381824,-0.7286149136313088,-0.7023402600598536,-0.370098312998731,-0.5084671239372829,-0.3212497404094301,-0.7133757961783439,-0.3684494600892551,0.07134206957150596,-0.5291860078092715,-0.8157493490484398,-0.6827910635427498,-0.565764736997044,-0.9820296102036574,-0.8003970822856915,-0.5875120409897984,-0.3223760251167535,-0.40081877633256324,-0.6393344481177357,0.4752787520398771,-0.9950463474320987,-0.4561821547462265,-0.9878771744519022,-0.2483402512471363,-0.3531032906137229,-0.6249109237877561,-1.0747308821319381,-0.011247989114209603,-0.4306014523846871,-0.5974380492399992,-0.35790686553115814,-0.902850197093,-1.2315820365846486,-0.27937211830783143,-0.7074898157484922,-0.7941849234530491,0.2821865035233169,-1.1966653937003007,-0.33906170038637046,-1.3479376280529092,-0.5493716184199502,-0.501460326011317,-0.2736764616912931,0.18298312233065445,-0.511172023683002,-0.30020404780013427,0.4553881496520297,-0.4273782931297931,3.492160217408065,-0.4180257394517655,-0.5696973989103044,-0.32020563013416914,-0.29141108314694175,1.5923192572282787,-0.6866312151827171,-0.4921496686527761,-0.27517938880002424,-0.5200440495760802,-0.44352832475550225,-0.288675134594813,-1.0195029190292666,-0.6933369049529795,-0.723552970335414,-0.5415179602987754,-0.5411510828547105,-0.19999999999999996,-0.8249843065724651,0.953955392444204,-0.9729250545036341,0.4328889460631953,-0.5771378302585811,-1.1481954784771677,-0.49766218059807293,-0.6274688370652487,-0.3973867984327807,-0.5141488179624326,-1.0576523617763762,0.5214983822940624,-0.28867513459481303,-0.9734807576540128,-0.8233413135066137,-0.6619413406216464,-0.297756228055094,-0.3529411764705882,-0.8032360489698206,-0.3278444016618044,-0.9928114231588754,-0.32993074344543616,-0.882610737404578,-0.6937942887581253,-0.35078718657065144,-0.3891264811215081,-0.9706031008715444,-0.7636330539722015,-0.35215900607758727,-0.5108822846840297,-0.4899331519787304,-0.8258802223675566,-0.9218513270862857,-0.33600220408423187,-0.24168318955502027,-0.1271097088039388,0.7761506201979733,-0.7413434881410671
2024-12-01,-0.8794425161173443,-0.7286149136313088,-0.6314851936309857,-0.634673719888432,-0.5304258627244913,-0.3948932305450615,-0.7133757961783439,-0.3684494600892551,0.07134206957150596,-0.6633246160242762,-0.5209238602753653,-0.6928376117874556,-0.565764736997044,-0.776214033715901,-0.5794056187372676,-0.5875120409897984,-0.3223760251167535,-0.40081877633256324,-0.6693295037723273,0.8491962895562251,-1.0000733807289512,-0.4561821547462265,-0.6757683386599442,4.952477702755391,-0.3531032906137229,-0.6249109237877561,-1.0747308821319381,0.9414240183515569,-0.4306014523846871,1.8006517044472894,-0.35790686553115814,-0.19196247092765997,-1.2315820365846486,-0.27937211830783143,-0.7074898157484922,-1.0258482378111136,0.2025057359254614,1.3803030826850582,-0.41078603935272984,-0.7003065004239152,-0.5493716184199502,-0.501460326011317,-0.2736764616912931,0.35101000560098267,-0.511172023683002,-0.30020404780013427,-1.2310957126284934,-0.4273782931297931,-0.4901277498116583,-0.1531419561534016,-0.5168968700126182,-0.32020563013416914,-0.29141108314694175,-0.5592929344371513,-0.6866312151827171,-0.4921496686527761,-0.27517938880002424,-0.5200440495760802,-0.44352832475550225,-0.288675134594813,-0.9084711355569215,-0.6933369049529795,-0.7457720982438044,-0.5415179602987754,-0.5142981226941507,-0.19999999999999996,-0.9572284046647912,-0.15074065474989612,-0.9729250545036341,0.913899558432038,-0.5596695582353789,-0.6588756065895518,-0.49766218059807293,0.5239978770872127,-0.3973867984327807,-0.5141488179624326,-1.0576523617763762,-0.9513466014222528,-0.28867513459481303,-0.9734807576540128,-0.8233413135066137,-0.21318705294628743,-0.21866359827251983,-0.3529411764705882,-0.8032360489698206,-0.3278444016618044,-0.9928114231588754,-0.32993074344543616,0.5407120387853984,-0.6937942887581253,-0.35078718657065144,-0.3891264811215081,-0.9706031008715444,-1.0566208473966046,-0.35215900607758727,-0.4830715900713355,-0.44701006592166925,-0.8258802223675566,-0.1781225807102152,-0.3787224318496049,-0.24168318955502027,-0.8015192784851056,2.048151265832027,-0.5945636395636132
2025-01-01,-0.7661345740752826,-0.7286149136313088,-0.6436237109873255,0.5013562757961596,-0.6136584194240294,-0.2262258821699058,-0.7133757961783439,-0.3684494600892551,-0.10255422500904006,-0.3890724059098567,-0.33665792979219383,-0.6917178726642066,1.6061643204681182,-0.39888547682168085,0.055442585638204527,-0.5875120409897984,-0.3223760251167535,-0.40081877633256324,-0.6693295037723273,0.8351743818993621,-0.9715967430472184,-0.4561821547462265,-0.8566419326477872,-0.2483402512471363,-0.3531032906137229,-0.6249109237877561,-1.0747308821319381,-0.8698289341142214,-0.4306014523846871,-0.5974380492399992,-0.35790686553115814,0.3412033236963451,-1.2315820365846486,-0.27937211830783143,-0.7074898157484922,-1.0803572529541876,0.3869519572167935,1.7484414364543952,-0.45359234244936353,-0.3735382111035108,-0.5493716184199502,-0.501460326011317,-0.2736764616912931,0.6870637721416393,-0.30194720900326655,-0.30020404780013427,-0.2071590819581758,-0.4273782931297931,-0.4901277498116583,-0.1760721941105734,-0.8886125934523292,-0.32020563013416914,-0.29141108314694175,0.7535551825112465,-0.6866312151827171,-0.4921496686527761,-0.27517938880002424,-0.5200440495760802,-0.44352832475550225,-0.288675134594813,-1.0195029190292666,-0.6933369049529795,-0.7457720982438044,-0.5415179602987754,-0.6754158836575096,-0.19999999999999996,-1.0774503120214511,1.0887458915713357,0.20693818632886177,2.0427629685259805,-0.49049123096167485,0.7658677240917687,0.5875624454803055,-0.2610930643803746,-0.3973867984327807,-0.5141488179624326,-0.21370534980908445,0.3018925719417419,-0.28867513459481303,-0.48099470825063356,-0.8233413135066137,0.011190090891392064,1.323642682487677,-0.3529411764705882,-0.8032360489698206,-0.3278444016618044,-0.7950077852402034,-0.32993074344543616,2.4384757403720334,-0.6937942887581253,-0.35078718657065144,-0.3891264811215081,-0.9706031008715444,-1.0566208473966046,-0.35215900607758727,-0.5435712486796065,0.8836056018472259,-0.8258802223675566,0.31769658354049846,1.1368314325864215,-0.24168318955502027,-0.8244361085228151,0.9070918631308906,-0.7413434881410671
